system_id,image_id,file,first_author,year,source_journal,publisher,open_access,arxiv,bibcode,license_class,restrictive_venue,permission_status
14-her,14-her_jwst2025,images/14-her/14-her_jwst2025.png,Bardalez Gagliuffi,2025,ApJL (2025),AAS/IOP,green-oa,2506.09201,2025ApJ...988L..18B,arxiv-preprint-figure,,not-needed
1rxs-j1609,1rxs-j1609_gemini2010,images/1rxs-j1609/1rxs-j1609_gemini2010.png,Lafreniere,2010,"ApJ 719, 497",AAS/IOP,green-oa,1006.3070,2010ApJ...719..497L,arxiv-preprint-figure,,not-needed
1rxs-j1609,1rxs-j1609_magao2015,images/1rxs-j1609/1rxs-j1609_magao2015.png,Wu,2015,"ApJL 807, L13",AAS/IOP,green-oa,1506.05816,2015ApJ...807L..13W,arxiv-preprint-figure,,not-needed
2m1207,2m1207_naco2004,images/2m1207/2m1207_naco2004.png,Chauvin,2004,"A&A 425, L29",EDP Sciences,hybrid,astro-ph/0409323,2004A&A...425L..29C,arxiv-preprint-figure,,not-needed
2m1207,2m1207_nicmos2006,images/2m1207/2m1207_nicmos2006.png,Song,2006,ApJ,AAS/IOP,green-oa,astro-ph/0607490,2006ApJ...652..724S,arxiv-preprint-figure,,not-needed
2m1207,2m1207_miri2025,images/2m1207/2m1207_miri2025.png,Patapis,2025,"A&A 704, A5",EDP Sciences,hybrid,2507.08961,2025A&A...704A...5P,arxiv-preprint-figure,,not-needed
2mass-j0219-3925,2mass-j0219-3925_simon2015,images/2mass-j0219-3925/2mass-j0219-3925_simon2015.png,Artigau,2015,"ApJ 806, 254",AAS/IOP,green-oa,1505.01747,2015ApJ...806..254A,arxiv-preprint-figure,,not-needed
2mass-j04414489,2mass-j04414489_wfpc2-2010,images/2mass-j04414489/2mass-j04414489_wfpc2-2010.png,Todorov,2010,"ApJL 714, L84",AAS/IOP,green-oa,1004.0539,2010ApJ...714L..84T,arxiv-preprint-figure,,not-needed
2mass-j04414489,2mass-j04414489_niri2010,images/2mass-j04414489/2mass-j04414489_niri2010.png,Todorov,2010,"ApJL 714, L84",AAS/IOP,green-oa,1004.0539,2010ApJ...714L..84T,arxiv-preprint-figure,,not-needed
2mass-j13342461-6517473,2mass-j13342461-6517473_destinys,images/2mass-j13342461-6517473/2mass-j13342461-6517473_destinys.png,Garufi,2026,"A&A, in press",EDP Sciences,hybrid,2603.01703,2026A&A...709A.269G,arxiv-preprint-figure,,not-needed
2mass-j15575444-2450424,2mass-j15575444-2450424_destinys,images/2mass-j15575444-2450424/2mass-j15575444-2450424_destinys.png,Garufi,2026,"A&A, in press",EDP Sciences,hybrid,2603.01703,2026A&A...709A.269G,arxiv-preprint-figure,,not-needed
2mass-j16020757-2257467,2mass-j16020757-2257467_agepro,images/2mass-j16020757-2257467/2mass-j16020757-2257467_agepro.png,Zhang,2025,ApJ (2025),AAS/IOP,green-oa,2506.10719,2025ApJ...989....1Z,arxiv-preprint-figure,,not-needed
2mass-j16064794-1841437,2mass-j16064794-1841437_nircensus,images/2mass-j16064794-1841437/2mass-j16064794-1841437_nircensus.png,Garufi,2026,"A&A, in press",EDP Sciences,hybrid,2603.01703,2026A&A...709A.269G,arxiv-preprint-figure,,not-needed
2mass-j16082324-1930009,2mass-j16082324-1930009_agepro,images/2mass-j16082324-1930009/2mass-j16082324-1930009_agepro.png,Zhang,2025,ApJ (2025),AAS/IOP,green-oa,2506.10719,2025ApJ...989....1Z,arxiv-preprint-figure,,not-needed
2mass-j16082324-1930009,2mass-j16082324-1930009_nircensus,images/2mass-j16082324-1930009/2mass-j16082324-1930009_nircensus.png,Garufi,2026,"A&A 709, A269",EDP Sciences,hybrid,2603.01703,2026A&A...709A.269G,arxiv-preprint-figure,,not-needed
2mass-j16083070-3828268,2mass-j16083070-3828268_sphere2019,images/2mass-j16083070-3828268/2mass-j16083070-3828268_sphere2019.png,Villenave,2019,A&A,EDP Sciences,hybrid,1902.04612,2019A&A...624A...7V,arxiv-preprint-figure,,not-needed
2mass-j16085324-3914401,2mass-j16085324-3914401_alma-agepro,images/2mass-j16085324-3914401/2mass-j16085324-3914401_alma-agepro.png,Deng,2025,"ApJ 989, 3",AAS/IOP,green-oa,2506.10734,2025ApJ...989....3D,arxiv-preprint-figure,,not-needed
2mass-j16090075-1908526,2mass-j16090075-1908526_agepro,images/2mass-j16090075-1908526/2mass-j16090075-1908526_agepro.png,Zhang,2025,ApJ (2025),AAS/IOP,green-oa,2506.10719,2025ApJ...989....1Z,arxiv-preprint-figure,,not-needed
2mass-j16120668-3010270,2mass-j16120668-3010270_agepro,images/2mass-j16120668-3010270/2mass-j16120668-3010270_agepro.png,Zhang,2025,ApJ (2025),AAS/IOP,green-oa,2506.10719,2025ApJ...989....1Z,arxiv-preprint-figure,,not-needed
2mass-j16120668-3010270,2mass-j16120668-3010270_destinys,images/2mass-j16120668-3010270/2mass-j16120668-3010270_destinys.png,Ginski,2025,A&A (2025),EDP Sciences,hybrid,2506.05892,2025A&A...699A.237G,arxiv-preprint-figure,,not-needed
2mass-j16120668-3010270,2mass-j16120668-3010270_magaox2025,images/2mass-j16120668-3010270/2mass-j16120668-3010270_magaox2025.png,Li,2025,AJ (submitted),AAS/IOP,green-oa,2508.11155,2025ApJ...990L..70L,arxiv-preprint-figure,,not-needed
2mass-j16124373-3815031,2mass-j16124373-3815031_agepro,images/2mass-j16124373-3815031/2mass-j16124373-3815031_agepro.png,Zhang,2025,ApJ (2025),AAS/IOP,green-oa,2506.10719,2025ApJ...989....1Z,arxiv-preprint-figure,,not-needed
2mass-j16163345-2521505,2mass-j16163345-2521505_agepro,images/2mass-j16163345-2521505/2mass-j16163345-2521505_agepro.png,Zhang,2025,ApJ (2025),AAS/IOP,green-oa,2506.10719,2025ApJ...989....1Z,arxiv-preprint-figure,,not-needed
2mass-j16202863-2442087,2mass-j16202863-2442087_agepro,images/2mass-j16202863-2442087/2mass-j16202863-2442087_agepro.png,Zhang,2025,ApJ (2025),AAS/IOP,green-oa,2506.10719,2025ApJ...989....1Z,arxiv-preprint-figure,,not-needed
2mass-j16221532-2511349,2mass-j16221532-2511349_agepro,images/2mass-j16221532-2511349/2mass-j16221532-2511349_agepro.png,Zhang,2025,ApJ (2025),AAS/IOP,green-oa,2506.10719,2025ApJ...989....1Z,arxiv-preprint-figure,,not-needed
2mass-j16262785-2625152,2mass-j16262785-2625152_nirc2-kointreau,images/2mass-j16262785-2625152/2mass-j16262785-2625152_nirc2-kointreau.png,Walker,2026,AJ (2026),AAS/IOP,green-oa,2602.10198,2026AJ....171..142W,arxiv-preprint-figure,,not-needed
2mass-j19005804-3645048,2mass-j19005804-3645048_nircensus,images/2mass-j19005804-3645048/2mass-j19005804-3645048_nircensus.png,Garufi,2026,"A&A, in press",EDP Sciences,hybrid,2603.01703,2026A&A...709A.269G,arxiv-preprint-figure,,not-needed
3c-273,3c-273_stis2024,images/3c-273/3c-273_stis2024.png,Ren,2024,"A&A 683, L5",EDP Sciences,hybrid,2402.09505,2024A&A...683L...5R,arxiv-preprint-figure,,not-needed
3c-273,3c-273_acs2003,images/3c-273/3c-273_acs2003.png,Martel,2003,"AJ 125, 2964",AAS/IOP,green-oa,,2003AJ....125.2964M,publisher-pdf,,not-needed
3c-273,3c-273_bahcall1995,images/3c-273/3c-273_bahcall1995.png,Bahcall,1995,"ApJ 450, 486",AAS/IOP,green-oa,astro-ph/9501018,1995ApJ...450..486B,arxiv-preprint-figure,,not-needed
3c-273,3c-273_alma-band3,images/3c-273/3c-273_alma-band3.png,Komugi,2022,"ApJ 930, 3",AAS/IOP,green-oa,2203.15218,2022ApJ...930....3K,arxiv-preprint-figure,,not-needed
3c-273,3c-273_alma-band6,images/3c-273/3c-273_alma-band6.png,Komugi,2022,"ApJ 930, 3",AAS/IOP,green-oa,2203.15218,2022ApJ...930....3K,arxiv-preprint-figure,,not-needed
3c-273,3c-273_alma-band7,images/3c-273/3c-273_alma-band7.png,Komugi,2022,"ApJ 930, 3",AAS/IOP,green-oa,2203.15218,2022ApJ...930....3K,arxiv-preprint-figure,,not-needed
3c-323-1,3c-323-1_bahcall1995,images/3c-323-1/3c-323-1_bahcall1995.png,Bahcall,1995,"ApJ 450, 486",AAS/IOP,green-oa,astro-ph/9501018,1995ApJ...450..486B,arxiv-preprint-figure,,not-needed
49-cet,49-cet_reasons,images/49-cet/49-cet_reasons.png,Matra,2025,"A&A 693, A151",EDP Sciences,hybrid,2501.09058,2025A&A...693A.151M,arxiv-preprint-figure,,not-needed
49-cet,49-cet_arks,images/49-cet/49-cet_arks.png,Marino,2026,A&A,EDP Sciences,hybrid,2601.11708,2026A&A...705A.195M,arxiv-preprint-figure,,not-needed
49-cet,49-cet_nicmos-ren2023,images/49-cet/49-cet_nicmos-ren2023.png,Ren,2023,"A&A 672, A114",EDP Sciences,hybrid,2302.04273,2023A&A...672A.114R,arxiv-preprint-figure,,not-needed
49-cet,49-cet_sphere-debris-2025,images/49-cet/49-cet_sphere-debris-2025.png,Engler,2025,"A&A 704, A21",EDP Sciences,hybrid,2512.03128,2025A&A...704A..21E,arxiv-preprint-figure,,not-needed
49-cet,49-cet_stis-ren,images/49-cet/49-cet_stis-ren.png,Ren,2023,"A&A 672, A114",EDP Sciences,hybrid,2302.04273,2023A&A...672A.114R,arxiv-preprint-figure,,not-needed
49-cet,49-cet_alma2017,images/49-cet/49-cet_alma2017.png,Hughes,2017,"ApJ 839, 86",AAS/IOP,green-oa,1704.01972,2017ApJ...839...86H,arxiv-preprint-figure,,not-needed
49-cet,49-cet_alice-f110w,images/49-cet/49-cet_alice-f110w.png,Hagan,2018,"AJ 155, 179",AAS/IOP,green-oa,1802.07754,2018AJ....155..179H,archive-product,,not-needed
49-cet,49-cet_nicmos-choquet2017,images/49-cet/49-cet_nicmos-choquet2017.png,Choquet,2017,"ApJL 834, L12",AAS/IOP,green-oa,1612.07320,2017ApJ...834L..12C,archive-product,,not-needed
49-cet,49-cet_sphere-choquet2017,images/49-cet/49-cet_sphere-choquet2017.png,Choquet,2017,"ApJL 834, L12",AAS/IOP,green-oa,1612.07320,2017ApJ...834L..12C,arxiv-preprint-figure,,not-needed
49-cet,49-cet_alma-co2019,images/49-cet/49-cet_alma-co2019.png,Moor,2019,"ApJ 884, 108",AAS/IOP,green-oa,1908.09685,2019ApJ...884..108M,arxiv-preprint-figure,,not-needed
51-eri,51-eri_gpi2015,images/51-eri/51-eri_gpi2015.png,Macintosh,2015,"Science 350, 64",AAAS,restrictive,1508.03084,2015Sci...350...64M,arxiv-preprint-figure,Y,not-needed
51-eri,51-eri_jwst2025,images/51-eri/51-eri_jwst2025.png,Balmer,2025,"AJ 169, 209",AAS/IOP,green-oa,2503.13608,2025AJ....169..209B,arxiv-preprint-figure,,not-needed
51-eri,51-eri_sphere2017_y,images/51-eri/51-eri_sphere2017_y.png,Samland,2017,A&A,EDP Sciences,hybrid,1704.02987,2017A&A...603A..57S,arxiv-preprint-figure,,not-needed
51-eri,51-eri_sphere2017_j,images/51-eri/51-eri_sphere2017_j.png,Samland,2017,A&A,EDP Sciences,hybrid,1704.02987,2017A&A...603A..57S,arxiv-preprint-figure,,not-needed
51-eri,51-eri_sphere2017_h,images/51-eri/51-eri_sphere2017_h.png,Samland,2017,A&A,EDP Sciences,hybrid,1704.02987,2017A&A...603A..57S,arxiv-preprint-figure,,not-needed
51-eri,51-eri_sphere2017_k1,images/51-eri/51-eri_sphere2017_k1.png,Samland,2017,A&A,EDP Sciences,hybrid,1704.02987,2017A&A...603A..57S,arxiv-preprint-figure,,not-needed
99-herculis,99-herculis_herschel2012,images/99-herculis/99-herculis_herschel2012.png,Kennedy,2012,MNRAS,OUP,hybrid,1201.1911,2012MNRAS.421.2264K,arxiv-preprint-figure,,not-needed
aa-tau,aa-tau_exoalma,images/aa-tau/aa-tau_exoalma.png,Curone,2025,ApJL (exoALMA special issue),AAS/IOP,green-oa,2504.18725,2025ApJ...984L...9C,arxiv-preprint-figure,,not-needed
aa-tau,aa-tau_hst2013,images/aa-tau/aa-tau_hst2013.png,Cox,2013,"ApJ 762, 40",AAS/IOP,green-oa,,2013ApJ...762...40C,publisher-pdf,,not-needed
aa-tau,aa-tau_alice-f160w,images/aa-tau/aa-tau_alice-f160w.png,Hagan,2018,"AJ 155, 179",AAS/IOP,green-oa,1802.07754,2018AJ....155..179H,archive-product,,not-needed
aa-tau,aa-tau_exoalma-co,images/aa-tau/aa-tau_exoalma-co.png,Teague,2025,ApJL (exoALMA Focus Issue),AAS/IOP,green-oa,2504.18688,2025ApJ...984L...6T,arxiv-preprint-figure,,not-needed
ab-aur,ab-aur_alma2017,images/ab-aur/ab-aur_alma2017.png,Tang,2017,"ApJ 840, 32",AAS/IOP,green-oa,1704.02699,2017ApJ...840...32T,arxiv-preprint-figure,,not-needed
ab-aur,ab-aur_seeds2011,images/ab-aur/ab-aur_seeds2011.png,Hashimoto,2011,"ApJL 729, L17",AAS/IOP,green-oa,1102.4408,2011ApJ...729L..17H,arxiv-preprint-figure,,not-needed
ab-aur,ab-aur_sphere2020,images/ab-aur/ab-aur_sphere2020.png,Boccaletti,2020,"A&A 637, L5",EDP Sciences,hybrid,2005.09064,2020A&A...637L...5B,arxiv-preprint-figure,,not-needed
ab-aur,ab-aur_scexao2022,images/ab-aur/ab-aur_scexao2022.png,Currie,2022,"Nature Astronomy 6, 751",Springer Nature,restrictive,2204.00633,2022NatAs...6..751C,arxiv-preprint-figure,Y,not-needed
ab-aur,ab-aur_sphere-taurus,images/ab-aur/ab-aur_sphere-taurus.png,Garufi,2024,"A&A 685, A53",EDP Sciences,hybrid,2403.02158,2024A&A...685A..53G,arxiv-preprint-figure,,not-needed
ab-aur,ab-aur_sphere2020-inner,images/ab-aur/ab-aur_sphere2020-inner.png,Boccaletti,2020,"A&A 637, L5",EDP Sciences,hybrid,2005.09064,2020A&A...637L...5B,arxiv-preprint-figure,,not-needed
ab-aur,ab-aur_stis1999,images/ab-aur/ab-aur_stis1999.png,Grady,1999,"ApJL 523, L151",AAS/IOP,green-oa,,1999ApJ...523L.151G,publisher-pdf,,not-needed
ab-aur,ab-aur_alice-f110w,images/ab-aur/ab-aur_alice-f110w.png,Hagan,2018,"AJ 155, 179",AAS/IOP,green-oa,1802.07754,2018AJ....155..179H,archive-product,,not-needed
ab-aur,ab-aur_lbti2022-lp,images/ab-aur/ab-aur_lbti2022-lp.png,Jorquera,2022,ApJ,AAS/IOP,green-oa,2201.08867,2022ApJ...926...71J,arxiv-preprint-figure,,not-needed
ab-aur,ab-aur_lbti2022-ks,images/ab-aur/ab-aur_lbti2022-ks.png,Jorquera,2022,ApJ,AAS/IOP,green-oa,2201.08867,2022ApJ...926...71J,arxiv-preprint-figure,,not-needed
ab-aur,ab-aur_seeds2011-closeup,images/ab-aur/ab-aur_seeds2011-closeup.png,Hashimoto,2011,"ApJL 729, L17",AAS/IOP,green-oa,1102.4408,2011ApJ...729L..17H,arxiv-preprint-figure,,not-needed
ab-aur,ab-aur_alma2024,images/ab-aur/ab-aur_alma2024.png,Speedie,2024,Nature (2024),Springer Nature,restrictive,2409.02196,2024Natur.633...58S,arxiv-preprint-figure,Y,not-needed
ab-aur,ab-aur_dykes2024-j,images/ab-aur/ab-aur_dykes2024-j.png,Dykes,2024,ApJ,AAS/IOP,green-oa,2410.11939,2024ApJ...977..172D,arxiv-preprint-figure,,not-needed
ab-aur,ab-aur_dykes2024-h,images/ab-aur/ab-aur_dykes2024-h.png,Dykes,2024,ApJ,AAS/IOP,green-oa,2410.11939,2024ApJ...977..172D,arxiv-preprint-figure,,not-needed
ab-aur,ab-aur_dykes2024-k,images/ab-aur/ab-aur_dykes2024-k.png,Dykes,2024,ApJ,AAS/IOP,green-oa,2410.11939,2024ApJ...977..172D,arxiv-preprint-figure,,not-needed
ab-aur,ab-aur_muse2025,images/ab-aur/ab-aur_muse2025.png,Currie,2025,"ApJL 990, L42",AAS/IOP,green-oa,2508.18351,2025ApJ...990L..42C,arxiv-preprint-figure,,not-needed
ab-aur,ab-aur_wfc3-2022,images/ab-aur/ab-aur_wfc3-2022.png,Zhou,2022,"ApJL 934, L13",AAS/IOP,green-oa,2207.06525,2022ApJ...934L..13Z,arxiv-preprint-figure,,not-needed
ab-aur,ab-aur_stis2005,images/ab-aur/ab-aur_stis2005.png,Grady,2005,"ApJ 630, 958",AAS/IOP,green-oa,,2005ApJ...630..958G,publisher-pdf,,not-needed
ab-aur,ab-aur_nicmos-go11155-1um,images/ab-aur/ab-aur_nicmos-go11155-1um.png,Perrin,2009,"ApJL 707, L132",AAS/IOP,green-oa,0911.1130,2009ApJ...707L.132P,arxiv-preprint-figure,,not-needed
ab-aur,ab-aur_nicmos-go11155-pol2um,images/ab-aur/ab-aur_nicmos-go11155-pol2um.png,Perrin,2009,"ApJL 707, L132",AAS/IOP,green-oa,0911.1130,2009ApJ...707L.132P,arxiv-preprint-figure,,not-needed
ab-aur,ab-aur_ciao2004,images/ab-aur/ab-aur_ciao2004.png,Fukagawa,2004,"ApJL 605, L53",AAS/IOP,green-oa,,2004ApJ...605L..53F,publisher-pdf,,not-needed
ac-her,ac-her_sphere_irdis,images/ac-her/ac-her_sphere_irdis.png,Andrych,2023,MNRAS,OUP,hybrid,2307.16598,2023MNRAS.524.4168A,arxiv-preprint-figure,,not-needed
af-lep,af-lep_sphere2023,images/af-lep/af-lep_sphere2023.png,Franson,2023,"ApJL 950, L19",AAS/IOP,green-oa,2302.05420,2023ApJ...950L..19F,arxiv-preprint-figure,,not-needed
af-lep,af-lep_sphere2023-mesa,images/af-lep/af-lep_sphere2023-mesa.png,Mesa,2023,"A&A 672, A93",EDP Sciences,hybrid,2302.06213,2023A&A...672A..93M,arxiv-preprint-figure,,not-needed
af-lep,af-lep_sphere2023-derosa,images/af-lep/af-lep_sphere2023-derosa.png,De Rosa,2023,"A&A 672, A94",EDP Sciences,hybrid,2302.06332,2023A&A...672A..94D,arxiv-preprint-figure,,not-needed
af-lep,af-lep_gravity2024,images/af-lep/af-lep_gravity2024.png,Balmer,2025,AJ (2025),AAS/IOP,green-oa,2411.05917,2025AJ....169...30B,arxiv-preprint-figure,,not-needed
af-lep,af-lep_jwst2024,images/af-lep/af-lep_jwst2024.png,Franson,2024,"ApJL 974, L11",AAS/IOP,green-oa,2406.09528,2024ApJ...974L..11F,arxiv-preprint-figure,,not-needed
af-lep,af-lep_naco2011-4s,images/af-lep/af-lep_naco2011-4s.png,Bonse,2025,AJ (2025),AAS/IOP,green-oa,2406.01809,2025AJ....169..194B,arxiv-preprint-figure,,not-needed
af-lep,af-lep_alice-f160w,images/af-lep/af-lep_alice-f160w.png,Hagan,2018,"AJ 155, 179",AAS/IOP,green-oa,1802.07754,2018AJ....155..179H,archive-product,,not-needed
afgl-4176,afgl-4176_alma2020,images/afgl-4176/afgl-4176_alma2020.png,Johnston,2020,"A&A 634, L11",EDP Sciences,hybrid,1911.09692,2020A&A...634L..11J,arxiv-preprint-figure,,not-needed
ai-sco,ai-sco_vlti_pionier,images/ai-sco/ai-sco_vlti_pionier.png,De Prins,2026,A&A,EDP Sciences,hybrid,2605.13445,2026arXiv260513445D,arxiv-preprint-figure,,not-needed
ak-sco,ak-sco_gpies,images/ak-sco/ak-sco_gpies.png,Esposito,2020,"AJ 160, 24",AAS/IOP,green-oa,2004.13722,2020AJ....160...24E,arxiv-preprint-figure,,not-needed
ak-sco,ak-sco_gemini-lights,images/ak-sco/ak-sco_gemini-lights.png,Rich,2022,"AJ 164, 109",AAS/IOP,green-oa,2206.05815,2022AJ....164..109R,arxiv-preprint-figure,,not-needed
ak-sco,ak-sco_naco-pippin,images/ak-sco/ak-sco_naco-pippin.png,de Regt,2024,"A&A 684, A73",EDP Sciences,hybrid,2404.02222,2024A&A...684A..73D,arxiv-preprint-figure,,not-needed
ak-sco,ak-sco_alma2015,images/ak-sco/ak-sco_alma2015.png,Czekala,2015,ApJ,AAS/IOP,green-oa,1505.01850,2015ApJ...806..154C,arxiv-preprint-figure,,not-needed
ak-sco,ak-sco_sphere2015,images/ak-sco/ak-sco_sphere2015.png,Janson,2015,ApJL,AAS/IOP,green-oa,1512.04552,2016ApJ...816L...1J,arxiv-preprint-figure,,not-needed
ak-sco,ak-sco_sphere-rdi-xie22,images/ak-sco/ak-sco_sphere-rdi-xie22.png,Xie,2022,"A&A 666, A32",EDP Sciences,hybrid,2208.07915,2022A&A...666A..32X,arxiv-preprint-figure,,not-needed
alpha-cen-a,alpha-cen-a_near2021,images/alpha-cen-a/alpha-cen-a_near2021.png,Wagner,2021,"Nature Communications 12, 922",Springer Nature,restrictive,2102.05159,2021NatCo..12..922W,arxiv-preprint-figure,Y,not-needed
alpha-cen-a,alpha-cen-a_miri2025,images/alpha-cen-a/alpha-cen-a_miri2025.png,Beichman,2025,ApJL,AAS/IOP,green-oa,2508.03814,2025ApJ...989L..22B,arxiv-preprint-figure,,not-needed
ar-puppis,ar-puppis_zimpol2019,images/ar-puppis/ar-puppis_zimpol2019.png,Ertel,2019,"AJ 157, 110",AAS/IOP,green-oa,1901.04109,2019AJ....157..110E,arxiv-preprint-figure,,not-needed
as-205,as-205_dsharp,images/as-205/as-205_dsharp.png,Andrews,2018,"ApJL 869, L41",AAS/IOP,green-oa,1812.04040,2018ApJ...869L..41A,arxiv-preprint-figure,,not-needed
as-205,as-205_alice-f110w,images/as-205/as-205_alice-f110w.png,Hagan,2018,"AJ 155, 179",AAS/IOP,green-oa,1802.07754,2018AJ....155..179H,archive-product,,not-needed
as-205,as-205_sphere2022,images/as-205/as-205_sphere2022.png,Weber,2023,"MNRAS 518, 5620",OUP,hybrid,2211.14322,2023MNRAS.518.5620W,arxiv-preprint-figure,,not-needed
as-205,as-205_alma-band3-2026,images/as-205/as-205_alma-band3-2026.png,Phuong,2026,ApJ,AAS/IOP,green-oa,2601.16202,2026ApJ...999...76P,arxiv-preprint-figure,,not-needed
as-209,as-209_dsharp,images/as-209/as-209_dsharp.png,Andrews,2018,"ApJL 869, L41",AAS/IOP,green-oa,1812.04040,2018ApJ...869L..41A,arxiv-preprint-figure,,not-needed
as-209,as-209_dartts-s,images/as-209/as-209_dartts-s.png,Avenhaus,2018,"ApJ 863, 44",AAS/IOP,green-oa,1803.10882,2018ApJ...863...44A,arxiv-preprint-figure,,not-needed
as-209,as-209_sma2012,images/as-209/as-209_sma2012.png,Perez,2012,ApJL,AAS/IOP,green-oa,1210.5252,2012ApJ...760L..17P,arxiv-preprint-figure,,not-needed
as-209,as-209_alma-maps2021,images/as-209/as-209_alma-maps2021.png,Oberg,2021,"ApJS, 257, 1",AAS/IOP,green-oa,2109.06268,2021ApJS..257....1O,arxiv-preprint-figure,,not-needed
as-209,as-209_eris2025,images/as-209/as-209_eris2025.png,Maio,2025,Astronomy & Astrophysics,EDP Sciences,hybrid,2504.19810,2025A&A...698A..52M,arxiv-preprint-figure,,not-needed
as-209,as-209_alma_polarization,images/as-209/as-209_alma_polarization.png,Mori,2019,ApJ,AAS/IOP,green-oa,1907.10229,2019ApJ...883...16M,arxiv-preprint-figure,,not-needed
as-218,as-218_destinys,images/as-218/as-218_destinys.png,Garufi,2026,"A&A, in press",EDP Sciences,hybrid,2603.01703,2026A&A...709A.269G,arxiv-preprint-figure,,not-needed
at-pyx,at-pyx_sphere2021,images/at-pyx/at-pyx_sphere2021.png,Ginski,2021,A&A,EDP Sciences,hybrid,2111.11077,2022A&A...662A..74G,arxiv-preprint-figure,,not-needed
at-pyx,at-pyx_alma,images/at-pyx/at-pyx_alma.png,McLachlan,2026,A&A (in press),EDP Sciences,hybrid,2602.19755,2026A&A...707A.379M,arxiv-preprint-figure,,not-needed
at-pyx,at-pyx_sphere2024,images/at-pyx/at-pyx_sphere2024.png,McLachlan,2026,A&A (in press),EDP Sciences,hybrid,2602.19755,2026A&A...707A.379M,arxiv-preprint-figure,,not-needed
au-mic,au-mic_reasons,images/au-mic/au-mic_reasons.png,Matra,2025,"A&A 693, A151",EDP Sciences,hybrid,2501.09058,2025A&A...693A.151M,arxiv-preprint-figure,,not-needed
au-mic,au-mic_gpies-debris,images/au-mic/au-mic_gpies-debris.png,Esposito,2020,"AJ 160, 24",AAS/IOP,green-oa,2004.13722,2020AJ....160...24E,arxiv-preprint-figure,,not-needed
au-mic,au-mic_alma2013,images/au-mic/au-mic_alma2013.png,MacGregor,2013,"ApJL 762, L21",AAS/IOP,green-oa,1211.5148,2013ApJ...762L..21M,arxiv-preprint-figure,,not-needed
au-mic,au-mic_acs2005,images/au-mic/au-mic_acs2005.png,Krist,2005,"AJ 129, 1008",AAS/IOP,green-oa,astro-ph/0410466,2005AJ....129.1008K,arxiv-preprint-figure,,not-needed
au-mic,au-mic_sphere2015,images/au-mic/au-mic_sphere2015.png,Boccaletti,2015,"Nature 526, 230",Springer Nature,restrictive,,2015Natur.526..230B,publisher-pdf,Y,not-needed
au-mic,au-mic_stis-schneider14,images/au-mic/au-mic_stis-schneider14.png,Schneider,2014,"AJ 148, 59",AAS/IOP,green-oa,1406.7303,2014AJ....148...59S,arxiv-preprint-figure,,not-needed
au-mic,au-mic_arks,images/au-mic/au-mic_arks.png,Marino,2026,A&A,EDP Sciences,hybrid,2601.11708,2026A&A...705A.195M,arxiv-preprint-figure,,not-needed
au-mic,au-mic_gpies-debris-toti,images/au-mic/au-mic_gpies-debris-toti.png,Esposito,2020,"AJ 160, 24",AAS/IOP,green-oa,2004.13722,2020AJ....160...24E,arxiv-preprint-figure,,not-needed
au-mic,au-mic_nicmos-ren2023,images/au-mic/au-mic_nicmos-ren2023.png,Ren,2023,"A&A 672, A114",EDP Sciences,hybrid,2302.04273,2023A&A...672A.114R,arxiv-preprint-figure,,not-needed
au-mic,au-mic_sphere-debris-2025,images/au-mic/au-mic_sphere-debris-2025.png,Engler,2025,"A&A 704, A21",EDP Sciences,hybrid,2512.03128,2025A&A...704A..21E,arxiv-preprint-figure,,not-needed
au-mic,au-mic_stis-ren,images/au-mic/au-mic_stis-ren.png,Ren,2023,"A&A 672, A114",EDP Sciences,hybrid,2302.04273,2023A&A...672A.114R,arxiv-preprint-figure,,not-needed
au-mic,au-mic_kalas2004,images/au-mic/au-mic_kalas2004.png,Kalas,2004,"Science 303, 1990",AAAS,restrictive,astro-ph/0403132,2004Sci...303.1990K,arxiv-preprint-figure,Y,not-needed
au-mic,au-mic_keck2004,images/au-mic/au-mic_keck2004.png,Liu,2004,"Science 305, 1442",AAAS,restrictive,astro-ph/0408164,2004Sci...305.1442L,arxiv-preprint-figure,Y,not-needed
au-mic,au-mic_alice-f160w,images/au-mic/au-mic_alice-f160w.png,Hagan,2018,"AJ 155, 179",AAS/IOP,green-oa,1802.07754,2018AJ....155..179H,archive-product,,not-needed
au-mic,au-mic_jwst-nircam,images/au-mic/au-mic_jwst-nircam.png,Lawson,2023,"AJ 166, 150",AAS/IOP,green-oa,2308.02486,2023AJ....166..150L,arxiv-preprint-figure,,not-needed
au-mic,au-mic_herschel2016,images/au-mic/au-mic_herschel2016.png,Matthews,2016,"ApJ 811, 100",AAS/IOP,green-oa,1509.06415,2015ApJ...811..100M,arxiv-preprint-figure,,not-needed
au-mic,au-mic_sphere-rdi-xie22,images/au-mic/au-mic_sphere-rdi-xie22.png,Xie,2022,"A&A 666, A32",EDP Sciences,hybrid,2208.07915,2022A&A...666A..32X,arxiv-preprint-figure,,not-needed
au-mic,au-mic_sma13mm,images/au-mic/au-mic_sma13mm.png,Wilner,2012,ApJL,AAS/IOP,green-oa,1203.1896,2012ApJ...749L..27W,arxiv-preprint-figure,,not-needed
b335,b335_edisk,images/b335/b335_edisk.png,Ohashi,2023,"ApJ 951, 8",AAS/IOP,green-oa,2306.15406,2023ApJ...951....8O,arxiv-preprint-figure,,not-needed
bd-20-951,bd-20-951_sphere-debris-2025,images/bd-20-951/bd-20-951_sphere-debris-2025.png,Engler,2025,"A&A 704, A21",EDP Sciences,hybrid,2512.03128,2025A&A...704A..21E,arxiv-preprint-figure,,not-needed
bd45598,bd45598_charis2024,images/bd45598/bd45598_charis2024.png,Vincent,2024,"AJ 168, 6",AAS/IOP,green-oa,2405.04521,2024AJ....168....6V,arxiv-preprint-figure,,not-needed
beta-pic,beta-pic_reasons,images/beta-pic/beta-pic_reasons.png,Matra,2025,"A&A 693, A151",EDP Sciences,hybrid,2501.09058,2025A&A...693A.151M,arxiv-preprint-figure,,not-needed
beta-pic,beta-pic_gpies-debris,images/beta-pic/beta-pic_gpies-debris.png,Esposito,2020,"AJ 160, 24",AAS/IOP,green-oa,2004.13722,2020AJ....160...24E,arxiv-preprint-figure,,not-needed
beta-pic,beta-pic_alma2014,images/beta-pic/beta-pic_alma2014.png,Dent,2014,"Science 343, 1490",AAAS,restrictive,1404.1380,2014Sci...343.1490D,arxiv-preprint-figure,Y,not-needed
beta-pic,beta-pic_gpi2015,images/beta-pic/beta-pic_gpi2015.png,Millar-Blanchaer,2015,"ApJ 811, 18",AAS/IOP,green-oa,1508.04787,2015ApJ...811...18M,arxiv-preprint-figure,,not-needed
beta-pic,beta-pic_naco2010,images/beta-pic/beta-pic_naco2010.png,Lagrange,2010,"Science 329, 57",AAAS,restrictive,1006.3314,2010Sci...329...57L,arxiv-preprint-figure,Y,not-needed
beta-pic,beta-pic_arks,images/beta-pic/beta-pic_arks.png,Marino,2026,A&A,EDP Sciences,hybrid,2601.11708,2026A&A...705A.195M,arxiv-preprint-figure,,not-needed
beta-pic,beta-pic_gpies-debris-toti,images/beta-pic/beta-pic_gpies-debris-toti.png,Esposito,2020,"AJ 160, 24",AAS/IOP,green-oa,2004.13722,2020AJ....160...24E,arxiv-preprint-figure,,not-needed
beta-pic,beta-pic_nicmos-ren2023,images/beta-pic/beta-pic_nicmos-ren2023.png,Ren,2023,"A&A 672, A114",EDP Sciences,hybrid,2302.04273,2023A&A...672A.114R,arxiv-preprint-figure,,not-needed
beta-pic,beta-pic_sphere-debris-2025,images/beta-pic/beta-pic_sphere-debris-2025.png,Engler,2025,"A&A 704, A21",EDP Sciences,hybrid,2512.03128,2025A&A...704A..21E,arxiv-preprint-figure,,not-needed
beta-pic,beta-pic_stis-ren,images/beta-pic/beta-pic_stis-ren.png,Ren,2023,"A&A 672, A114",EDP Sciences,hybrid,2302.04273,2023A&A...672A.114R,arxiv-preprint-figure,,not-needed
beta-pic,beta-pic_smith1984,images/beta-pic/beta-pic_smith1984.png,Smith,1984,"Science 226, 1421",AAAS,restrictive,,1984Sci...226.1421S,publisher-pdf,Y,not-needed
beta-pic,beta-pic_kalas1995,images/beta-pic/beta-pic_kalas1995.png,Kalas,1995,"AJ 110, 794",AAS/IOP,green-oa,,1995AJ....110..794K,publisher-pdf,,not-needed
beta-pic,beta-pic_gravity2020,images/beta-pic/beta-pic_gravity2020.png,GRAVITY Collaboration,2020,"A&A 633, A110",EDP Sciences,hybrid,1912.04651,2020A&A...633A.110G,arxiv-preprint-figure,,not-needed
beta-pic,beta-pic_gravity2020c,images/beta-pic/beta-pic_gravity2020c.png,Nowak,2020,"A&A 642, L2",EDP Sciences,hybrid,2010.04442,2020A&A...642L...2N,arxiv-preprint-figure,,not-needed
beta-pic,beta-pic_alice-f160w,images/beta-pic/beta-pic_alice-f160w.png,Hagan,2018,"AJ 155, 179",AAS/IOP,green-oa,1802.07754,2018AJ....155..179H,archive-product,,not-needed
beta-pic,beta-pic_jwst-nircam-f182m,images/beta-pic/beta-pic_jwst-nircam-f182m.png,Rebollido,2024,"AJ 167, 69",AAS/IOP,green-oa,2401.05271,2024AJ....167...69R,arxiv-preprint-figure,,not-needed
beta-pic,beta-pic_jwst-nircam-f210m,images/beta-pic/beta-pic_jwst-nircam-f210m.png,Rebollido,2024,"AJ 167, 69",AAS/IOP,green-oa,2401.05271,2024AJ....167...69R,arxiv-preprint-figure,,not-needed
beta-pic,beta-pic_jwst-nircam-f250m,images/beta-pic/beta-pic_jwst-nircam-f250m.png,Rebollido,2024,"AJ 167, 69",AAS/IOP,green-oa,2401.05271,2024AJ....167...69R,arxiv-preprint-figure,,not-needed
beta-pic,beta-pic_jwst-nircam-f300m,images/beta-pic/beta-pic_jwst-nircam-f300m.png,Rebollido,2024,"AJ 167, 69",AAS/IOP,green-oa,2401.05271,2024AJ....167...69R,arxiv-preprint-figure,,not-needed
beta-pic,beta-pic_jwst-nircam-f335m,images/beta-pic/beta-pic_jwst-nircam-f335m.png,Rebollido,2024,"AJ 167, 69",AAS/IOP,green-oa,2401.05271,2024AJ....167...69R,arxiv-preprint-figure,,not-needed
beta-pic,beta-pic_jwst-nircam-f444w,images/beta-pic/beta-pic_jwst-nircam-f444w.png,Rebollido,2024,"AJ 167, 69",AAS/IOP,green-oa,2401.05271,2024AJ....167...69R,arxiv-preprint-figure,,not-needed
beta-pic,beta-pic_jwst-miri,images/beta-pic/beta-pic_jwst-miri.png,Rebollido,2024,"AJ 167, 69",AAS/IOP,green-oa,2401.05271,2024AJ....167...69R,arxiv-preprint-figure,,not-needed
beta-pic,beta-pic_acs2006_b,images/beta-pic/beta-pic_acs2006_b.png,Golimowski,2006,"AJ 131, 3109",AAS/IOP,green-oa,astro-ph/0602292,2006AJ....131.3109G,arxiv-preprint-figure,,not-needed
beta-pic,beta-pic_acs2006_v,images/beta-pic/beta-pic_acs2006_v.png,Golimowski,2006,"AJ 131, 3109",AAS/IOP,green-oa,astro-ph/0602292,2006AJ....131.3109G,arxiv-preprint-figure,,not-needed
beta-pic,beta-pic_acs2006_i,images/beta-pic/beta-pic_acs2006_i.png,Golimowski,2006,"AJ 131, 3109",AAS/IOP,green-oa,astro-ph/0602292,2006AJ....131.3109G,arxiv-preprint-figure,,not-needed
beta-pic,beta-pic_planetd2026-eris-lp,images/beta-pic/beta-pic_planetd2026-eris-lp.png,Sutlieff,2026,arXiv e-print,arXiv preprint,preprint,2606.23801,2026arXiv260623801S,arxiv-preprint-figure,,not-needed
beta-pic,beta-pic_planetd2026-nircam-f410m,images/beta-pic/beta-pic_planetd2026-nircam-f410m.png,Sutlieff,2026,arXiv e-print,arXiv preprint,preprint,2606.23801,2026arXiv260623801S,arxiv-preprint-figure,,not-needed
beta-pic,beta-pic_planetd2026-nircam-f444w,images/beta-pic/beta-pic_planetd2026-nircam-f444w.png,Sutlieff,2026,arXiv e-print,arXiv preprint,preprint,2606.23801,2026arXiv260623801S,arxiv-preprint-figure,,not-needed
beta-pic,beta-pic_planetd2026-sphere-h23,images/beta-pic/beta-pic_planetd2026-sphere-h23.png,Sutlieff,2026,arXiv e-print,arXiv preprint,preprint,2606.23801,2026arXiv260623801S,arxiv-preprint-figure,,not-needed
beta-pic,beta-pic_planetd2026-sphere-k12,images/beta-pic/beta-pic_planetd2026-sphere-k12.png,Sutlieff,2026,arXiv e-print,arXiv preprint,preprint,2606.23801,2026arXiv260623801S,arxiv-preprint-figure,,not-needed
beta-pic,beta-pic_planetd-jwst2026,images/beta-pic/beta-pic_planetd-jwst2026.png,Gibbs,2026,arXiv e-print,arXiv preprint,preprint,2606.23789,2026arXiv260623789G,arxiv-preprint-figure,,not-needed
beta-pic,beta-pic_magao-clio2015,images/beta-pic/beta-pic_magao-clio2015.png,Morzinski,2015,"ApJ 815, 108",AAS/IOP,green-oa,1511.02894,2015ApJ...815..108M,arxiv-preprint-figure,,not-needed
bhr71-irs1,bhr71-irs1_edisk,images/bhr71-irs1/bhr71-irs1_edisk.png,Ohashi,2023,"ApJ 951, 8",AAS/IOP,green-oa,2306.15406,2023ApJ...951....8O,arxiv-preprint-figure,,not-needed
bhr71-irs2,bhr71-irs2_edisk,images/bhr71-irs2/bhr71-irs2_edisk.png,Ohashi,2023,"ApJ 951, 8",AAS/IOP,green-oa,2306.15406,2023ApJ...951....8O,arxiv-preprint-figure,,not-needed
bn-cra,bn-cra_destinys-cra,images/bn-cra/bn-cra_destinys-cra.png,Columba,2026,"A&A 706, A16",EDP Sciences,hybrid,2511.01717,2026A&A...706A..16C,arxiv-preprint-figure,,not-needed
bp-tau,bp-tau_taurus-long2019,images/bp-tau/bp-tau_taurus-long2019.png,Long,2019,"ApJ 882, 49",AAS/IOP,green-oa,1906.10809,2019ApJ...882...49L,arxiv-preprint-figure,,not-needed
bp-tau,bp-tau_sphere-taurus,images/bp-tau/bp-tau_sphere-taurus.png,Garufi,2024,"A&A 685, A53",EDP Sciences,hybrid,2403.02158,2024A&A...685A..53G,arxiv-preprint-figure,,not-needed
bp-tau,bp-tau_alice-f110w,images/bp-tau/bp-tau_alice-f110w.png,Hagan,2018,"AJ 155, 179",AAS/IOP,green-oa,1802.07754,2018AJ....155..179H,archive-product,,not-needed
brun-252,brun-252_destinys-orion,images/brun-252/brun-252_destinys-orion.png,Valegard,2024,"A&A 685, A54",EDP Sciences,hybrid,2403.02156,2024A&A...685A..54V,arxiv-preprint-figure,,not-needed
cb-26,cb-26_pdbi1p3mm,images/cb-26/cb-26_pdbi1p3mm.png,Zhang,2021,A&A,EDP Sciences,hybrid,2012.08127,2021A&A...646A..18Z,arxiv-preprint-figure,,not-needed
cd-35-2722,cd-35-2722_nici2011,images/cd-35-2722/cd-35-2722_nici2011.png,Wahhaj,2011,"ApJ 729, 139",AAS/IOP,green-oa,1101.2893,2011ApJ...729..139W,arxiv-preprint-figure,,not-needed
ced110-irs4,ced110-irs4_edisk,images/ced110-irs4/ced110-irs4_edisk.png,Ohashi,2023,"ApJ 951, 8",AAS/IOP,green-oa,2306.15406,2023ApJ...951....8O,arxiv-preprint-figure,,not-needed
cep-a-hw2,cep-a-hw2_noema2026,images/cep-a-hw2/cep-a-hw2_noema2026.png,Beuther,2026,A&A,EDP Sciences,hybrid,2606.31746,2026arXiv260631746B,arxiv-preprint-figure,,not-needed
chx-22,chx-22_sphere-chami,images/chx-22/chx-22_sphere-chami.png,Ginski,2024,"A&A 685, A52",EDP Sciences,hybrid,2403.02149,2024A&A...685A..52G,arxiv-preprint-figure,,not-needed
ci-tau,ci-tau_taurus-long2018,images/ci-tau/ci-tau_taurus-long2018.png,Long,2018,"ApJ 869, 17",AAS/IOP,green-oa,1810.06044,2018ApJ...869...17L,arxiv-preprint-figure,,not-needed
ci-tau,ci-tau_sphere-taurus,images/ci-tau/ci-tau_sphere-taurus.png,Garufi,2024,"A&A 685, A53",EDP Sciences,hybrid,2403.02158,2024A&A...685A..53G,arxiv-preprint-figure,,not-needed
ci-tau,ci-tau_alice-f110w,images/ci-tau/ci-tau_alice-f110w.png,Hagan,2018,"AJ 155, 179",AAS/IOP,green-oa,1802.07754,2018AJ....155..179H,archive-product,,not-needed
ci-tau,ci-tau_sphere-ks-qphi,images/ci-tau/ci-tau_sphere-ks-qphi.png,Ren,2023,"A&A 680, A114",EDP Sciences,hybrid,2310.08589,2023A&A...680A.114R,arxiv-preprint-figure,,not-needed
cida-9,cida-9_taurus-long2018,images/cida-9/cida-9_taurus-long2018.png,Long,2018,"ApJ 869, 17",AAS/IOP,green-oa,1810.06044,2018ApJ...869...17L,arxiv-preprint-figure,,not-needed
cida-9,cida-9_alma2023-b3,images/cida-9/cida-9_alma2023-b3.png,Daniel Harsono,2023,The Astrophysical Journal,AAS/IOP,green-oa,2310.11007,2024ApJ...961...28H,arxiv-preprint-figure,,not-needed
cm-cha,cm-cha_destinys,images/cm-cha/cm-cha_destinys.png,Garufi,2026,"A&A, in press",EDP Sciences,hybrid,2603.01703,2026A&A...709A.269G,arxiv-preprint-figure,,not-needed
coconuts-1,coconuts-1_discovery2020,images/coconuts-1/coconuts-1_discovery2020.png,Zhang,2020,"ApJ 891, 171",AAS/IOP,green-oa,2002.05723,2020ApJ...891..171Z,arxiv-preprint-figure,,not-needed
coconuts-2,coconuts-2_discovery2021,images/coconuts-2/coconuts-2_discovery2021.png,Zhang,2021,"ApJL 916, L11",AAS/IOP,green-oa,2107.02805,2021ApJ...916L..11Z,arxiv-preprint-figure,,not-needed
coku-tau-1,coku-tau-1_nicmos1999,images/coku-tau-1/coku-tau-1_nicmos1999.png,Padgett,1999,"AJ 117, 1490",AAS/IOP,green-oa,astro-ph/9902101,1999AJ....117.1490P,arxiv-preprint-figure,,not-needed
cp-72-2713,cp-72-2713_alma2020,images/cp-72-2713/cp-72-2713_alma2020.png,Moor,2020,AJ,AAS/IOP,green-oa,2005.00861,2020AJ....159..288M,arxiv-preprint-figure,,not-needed
cq-tau,cq-tau_exoalma,images/cq-tau/cq-tau_exoalma.png,Curone,2025,ApJL (exoALMA special issue),AAS/IOP,green-oa,2504.18725,2025ApJ...984L...9C,arxiv-preprint-figure,,not-needed
cq-tau,cq-tau_sphere-taurus,images/cq-tau/cq-tau_sphere-taurus.png,Garufi,2024,"A&A 685, A53",EDP Sciences,hybrid,2403.02158,2024A&A...685A..53G,arxiv-preprint-figure,,not-needed
cq-tau,cq-tau_sphere-ks-rdi,images/cq-tau/cq-tau_sphere-ks-rdi.png,Ren,2023,"A&A 680, A114",EDP Sciences,hybrid,2310.08589,2023A&A...680A.114R,arxiv-preprint-figure,,not-needed
cq-tau,cq-tau_gravity2022-shadow,images/cq-tau/cq-tau_gravity2022-shadow.png,Bohn,2022,"A&A 658, A183",EDP Sciences,hybrid,2112.00123,2022A&A...658A.183B,arxiv-preprint-figure,,not-needed
cq-tau,cq-tau_alice-f110w,images/cq-tau/cq-tau_alice-f110w.png,Hagan,2018,"AJ 155, 179",AAS/IOP,green-oa,1802.07754,2018AJ....155..179H,archive-product,,not-needed
cq-tau,cq-tau_keck-vortex-2024,images/cq-tau/cq-tau_keck-vortex-2024.png,Wallack,2024,"AJ 168, 78",AAS/IOP,green-oa,2408.04048,2024AJ....168...78W,arxiv-preprint-figure,,not-needed
cq-tau,cq-tau_hiciao2020,images/cq-tau/cq-tau_hiciao2020.png,Uyama,2020,The Astronomical Journal,AAS/IOP,green-oa,1910.07605,2020AJ....159..118U,arxiv-preprint-figure,,not-needed
cq-tau,cq-tau_sma-0.87mm2011,images/cq-tau/cq-tau_sma-0.87mm2011.png,Banzatti,2011,Astronomy & Astrophysics,EDP Sciences,hybrid,1009.2697,2011A&A...525A..12B,arxiv-preprint-figure,,not-needed
cq-tau,cq-tau_pdbi-1.3mm2011,images/cq-tau/cq-tau_pdbi-1.3mm2011.png,Banzatti,2011,Astronomy & Astrophysics,EDP Sciences,hybrid,1009.2697,2011A&A...525A..12B,arxiv-preprint-figure,,not-needed
cq-tau,cq-tau_pdbi-2.7mm2011,images/cq-tau/cq-tau_pdbi-2.7mm2011.png,Banzatti,2011,Astronomy & Astrophysics,EDP Sciences,hybrid,1009.2697,2011A&A...525A..12B,arxiv-preprint-figure,,not-needed
cq-tau,cq-tau_testi-7mm2011,images/cq-tau/cq-tau_testi-7mm2011.png,Banzatti,2011,Astronomy & Astrophysics,EDP Sciences,hybrid,1009.2697,2011A&A...525A..12B,arxiv-preprint-figure,,not-needed
cq-tau,cq-tau_vla-1.3cm2011,images/cq-tau/cq-tau_vla-1.3cm2011.png,Banzatti,2011,Astronomy & Astrophysics,EDP Sciences,hybrid,1009.2697,2011A&A...525A..12B,arxiv-preprint-figure,,not-needed
cq-tau,cq-tau_vla-3.6cm2011,images/cq-tau/cq-tau_vla-3.6cm2011.png,Banzatti,2011,Astronomy & Astrophysics,EDP Sciences,hybrid,1009.2697,2011A&A...525A..12B,arxiv-preprint-figure,,not-needed
cq-tau,cq-tau_sphere-ks-qphi,images/cq-tau/cq-tau_sphere-ks-qphi.png,Ren,2023,"A&A 680, A114",EDP Sciences,hybrid,2310.08589,2023A&A...680A.114R,arxiv-preprint-figure,,not-needed
cq-tau,cq-tau_exoalma-co,images/cq-tau/cq-tau_exoalma-co.png,Teague,2025,ApJL (exoALMA Focus Issue),AAS/IOP,green-oa,2504.18688,2025ApJ...984L...6T,arxiv-preprint-figure,,not-needed
cq-tau,cq-tau_dsp-spiral2021,images/cq-tau/cq-tau_dsp-spiral2021.png,Safonov,2021,arXiv:2111.02726,arXiv preprint,preprint,2111.02726,2022AJ....163...31S,arxiv-preprint-figure,,not-needed
cq-tau,cq-tau_stis-grady2005,images/cq-tau/cq-tau_stis-grady2005.png,Grady,2005,"ApJ 630, 958",AAS/IOP,green-oa,,2005ApJ...630..958G,publisher-pdf,,not-needed
cr-cha,cr-cha_sphere-chami,images/cr-cha/cr-cha_sphere-chami.png,Ginski,2024,"A&A 685, A52",EDP Sciences,hybrid,2403.02149,2024A&A...685A..52G,arxiv-preprint-figure,,not-needed
cr-cha,cr-cha_naco-pippin,images/cr-cha/cr-cha_naco-pippin.png,de Regt,2024,"A&A 684, A73",EDP Sciences,hybrid,2404.02222,2024A&A...684A..73D,arxiv-preprint-figure,,not-needed
cs-cha,cs-cha_sphere-chami,images/cs-cha/cs-cha_sphere-chami.png,Ginski,2024,"A&A 685, A52",EDP Sciences,hybrid,2403.02149,2024A&A...685A..52G,arxiv-preprint-figure,,not-needed
cs-cha,cs-cha_magao2022,images/cs-cha/cs-cha_magao2022.png,Follette,2023,AJ,AAS/IOP,green-oa,2211.02109,2023AJ....165..225F,arxiv-preprint-figure,,not-needed
cs-cha,cs-cha_sphere-ginski2018,images/cs-cha/cs-cha_sphere-ginski2018.png,Ginski,2018,"A&A 616, A79",EDP Sciences,hybrid,1805.02261,2018A&A...616A..79G,arxiv-preprint-figure,,not-needed
ct-cha,ct-cha_naco2008,images/ct-cha/ct-cha_naco2008.png,Schmidt,2008,"A&A 491, 311",EDP Sciences,hybrid,0809.2812,2008A&A...491..311S,arxiv-preprint-figure,,not-needed
ct-cha,ct-cha_sphere-chami,images/ct-cha/ct-cha_sphere-chami.png,Ginski,2024,"A&A 685, A52",EDP Sciences,hybrid,2403.02149,2024A&A...685A..52G,arxiv-preprint-figure,,not-needed
ct-cha,ct-cha_mrs2025,images/ct-cha/ct-cha_mrs2025.png,Cugno,2025,ApJL (accepted),AAS/IOP,green-oa,2509.15209,2025ApJ...991L..46C,arxiv-preprint-figure,,not-needed
cv-cha,cv-cha_sphere-chami,images/cv-cha/cv-cha_sphere-chami.png,Ginski,2024,"A&A 685, A52",EDP Sciences,hybrid,2403.02149,2024A&A...685A..52G,arxiv-preprint-figure,,not-needed
cvso-30,cvso-30_naco2016,images/cvso-30/cvso-30_naco2016.png,Schmidt,2016,"A&A 593, A75",EDP Sciences,hybrid,1605.05315,2016A&A...593A..75S,arxiv-preprint-figure,,not-needed
cw-tau,cw-tau_sphere-taurus,images/cw-tau/cw-tau_sphere-taurus.png,Garufi,2024,"A&A 685, A53",EDP Sciences,hybrid,2403.02158,2024A&A...685A..53G,arxiv-preprint-figure,,not-needed
cw-tau,cw-tau_alma2022,images/cw-tau/cw-tau_alma2022.png,Ueda,2022,"ApJ 930, 56",AAS/IOP,green-oa,2203.16236,2022ApJ...930...56U,arxiv-preprint-figure,,not-needed
cx-tau,cx-tau_sphere-taurus,images/cx-tau/cx-tau_sphere-taurus.png,Garufi,2024,"A&A 685, A53",EDP Sciences,hybrid,2403.02158,2024A&A...685A..53G,arxiv-preprint-figure,,not-needed
cx-tau,cx-tau_alma2019,images/cx-tau/cx-tau_alma2019.png,Facchini,2019,"A&A 626, L2",EDP Sciences,hybrid,1905.09204,2019A&A...626L...2F,arxiv-preprint-figure,,not-needed
cy-tau,cy-tau_sphere-taurus,images/cy-tau/cy-tau_sphere-taurus.png,Garufi,2024,"A&A 685, A53",EDP Sciences,hybrid,2403.02158,2024A&A...685A..53G,arxiv-preprint-figure,,not-needed
cy-tau,cy-tau_alice-f110w,images/cy-tau/cy-tau_alice-f110w.png,Hagan,2018,"AJ 155, 179",AAS/IOP,green-oa,1802.07754,2018AJ....155..179H,archive-product,,not-needed
cy-tau,cy-tau_sphere-ks-qphi,images/cy-tau/cy-tau_sphere-ks-qphi.png,Ren,2023,"A&A 680, A114",EDP Sciences,hybrid,2310.08589,2023A&A...680A.114R,arxiv-preprint-figure,,not-needed
cy-tau,cy-tau_carma-1.3mm,images/cy-tau/cy-tau_carma-1.3mm.png,Perez,2015,"ApJ 813, 41",AAS/IOP,green-oa,1509.07520,2015ApJ...813...41P,arxiv-preprint-figure,,not-needed
cy-tau,cy-tau_carma-2.8mm,images/cy-tau/cy-tau_carma-2.8mm.png,Perez,2015,"ApJ 813, 41",AAS/IOP,green-oa,1509.07520,2015ApJ...813...41P,arxiv-preprint-figure,,not-needed
cy-tau,cy-tau_vla-7.1mm,images/cy-tau/cy-tau_vla-7.1mm.png,Perez,2015,"ApJ 813, 41",AAS/IOP,green-oa,1509.07520,2015ApJ...813...41P,arxiv-preprint-figure,,not-needed
de-tau,de-tau_sphere-taurus,images/de-tau/de-tau_sphere-taurus.png,Garufi,2024,"A&A 685, A53",EDP Sciences,hybrid,2403.02158,2024A&A...685A..53G,arxiv-preprint-figure,,not-needed
dg-cra,dg-cra_destinys,images/dg-cra/dg-cra_destinys.png,Garufi,2026,"A&A, in press",EDP Sciences,hybrid,2603.01703,2026A&A...709A.269G,arxiv-preprint-figure,,not-needed
dg-tau-b,dg-tau-b_nicmos1999,images/dg-tau-b/dg-tau-b_nicmos1999.png,Padgett,1999,"AJ 117, 1490",AAS/IOP,green-oa,astro-ph/9902101,1999AJ....117.1490P,arxiv-preprint-figure,,not-needed
dg-tau-b,dg-tau-b_bima2000,images/dg-tau-b/dg-tau-b_bima2000.png,Looney,2000,"ApJ 529, 477",AAS/IOP,green-oa,astro-ph/9908301,2000ApJ...529..477L,arxiv-preprint-figure,,not-needed
dg-tau,dg-tau_sphere-taurus,images/dg-tau/dg-tau_sphere-taurus.png,Garufi,2024,"A&A 685, A53",EDP Sciences,hybrid,2403.02158,2024A&A...685A..53G,arxiv-preprint-figure,,not-needed
dg-tau,dg-tau_alma2023,images/dg-tau/dg-tau_alma2023.png,Ohashi,2023,ApJ,AAS/IOP,green-oa,2307.14526,2023ApJ...954..110O,arxiv-preprint-figure,,not-needed
dg-tau,dg-tau_sphere-rdi-xie22,images/dg-tau/dg-tau_sphere-rdi-xie22.png,Xie,2022,"A&A 666, A32",EDP Sciences,hybrid,2208.07915,2022A&A...666A..32X,arxiv-preprint-figure,,not-needed
dg-tau,dg-tau_bima2000,images/dg-tau/dg-tau_bima2000.png,Looney,2000,"ApJ 529, 477",AAS/IOP,green-oa,astro-ph/9908301,2000ApJ...529..477L,arxiv-preprint-figure,,not-needed
dh-tau,dh-tau_subaru2005,images/dh-tau/dh-tau_subaru2005.png,Itoh,2005,"ApJ 620, 984",AAS/IOP,green-oa,astro-ph/0411177,2005ApJ...620..984I,arxiv-preprint-figure,,not-needed
dh-tau,dh-tau_sphere-taurus,images/dh-tau/dh-tau_sphere-taurus.png,Garufi,2024,"A&A 685, A53",EDP Sciences,hybrid,2403.02158,2024A&A...685A..53G,arxiv-preprint-figure,,not-needed
dh-tau,dh-tau_taurus-long2019,images/dh-tau/dh-tau_taurus-long2019.png,Long,2019,"ApJ 882, 49",AAS/IOP,green-oa,1906.10809,2019ApJ...882...49L,arxiv-preprint-figure,,not-needed
dk-tau,dk-tau_taurus-long2019,images/dk-tau/dk-tau_taurus-long2019.png,Long,2019,"ApJ 882, 49",AAS/IOP,green-oa,1906.10809,2019ApJ...882...49L,arxiv-preprint-figure,,not-needed
dk-tau,dk-tau_sphere-taurus,images/dk-tau/dk-tau_sphere-taurus.png,Garufi,2024,"A&A 685, A53",EDP Sciences,hybrid,2403.02158,2024A&A...685A..53G,arxiv-preprint-figure,,not-needed
dl-tau,dl-tau_taurus-long2018,images/dl-tau/dl-tau_taurus-long2018.png,Long,2018,"ApJ 869, 17",AAS/IOP,green-oa,1810.06044,2018ApJ...869...17L,arxiv-preprint-figure,,not-needed
dl-tau,dl-tau_sphere-taurus,images/dl-tau/dl-tau_sphere-taurus.png,Garufi,2024,"A&A 685, A53",EDP Sciences,hybrid,2403.02158,2024A&A...685A..53G,arxiv-preprint-figure,,not-needed
dl-tau,dl-tau_alice-f160w,images/dl-tau/dl-tau_alice-f160w.png,Hagan,2018,"AJ 155, 179",AAS/IOP,green-oa,1802.07754,2018AJ....155..179H,archive-product,,not-needed
dl-tau,dl-tau_carma2015,images/dl-tau/dl-tau_carma2015.png,Kwon,2015,"ApJ 808, 102",AAS/IOP,green-oa,1506.03679,2015ApJ...808..102K,arxiv-preprint-figure,,not-needed
dl-tau,dl-tau_sphere-ks-qphi,images/dl-tau/dl-tau_sphere-ks-qphi.png,Ren,2023,"A&A 680, A114",EDP Sciences,hybrid,2310.08589,2023A&A...680A.114R,arxiv-preprint-figure,,not-needed
dm-tau,dm-tau_exoalma,images/dm-tau/dm-tau_exoalma.png,Curone,2025,ApJL (exoALMA special issue),AAS/IOP,green-oa,2504.18725,2025ApJ...984L...9C,arxiv-preprint-figure,,not-needed
dm-tau,dm-tau_sphere-taurus,images/dm-tau/dm-tau_sphere-taurus.png,Garufi,2024,"A&A 685, A53",EDP Sciences,hybrid,2403.02158,2024A&A...685A..53G,arxiv-preprint-figure,,not-needed
dm-tau,dm-tau_alice-f160w,images/dm-tau/dm-tau_alice-f160w.png,Hagan,2018,"AJ 155, 179",AAS/IOP,green-oa,1802.07754,2018AJ....155..179H,archive-product,,not-needed
dm-tau,dm-tau_nirc2-sam2016,images/dm-tau/dm-tau_nirc2-sam2016.png,Willson,2016,"A&A 595, A9",EDP Sciences,hybrid,1608.03629,2016A&A...595A...9W,arxiv-preprint-figure,,not-needed
dm-tau,dm-tau_sphere-ks-qphi,images/dm-tau/dm-tau_sphere-ks-qphi.png,Ren,2023,"A&A 680, A114",EDP Sciences,hybrid,2310.08589,2023A&A...680A.114R,arxiv-preprint-figure,,not-needed
dm-tau,dm-tau_exoalma-co,images/dm-tau/dm-tau_exoalma-co.png,Teague,2025,ApJL (exoALMA Focus Issue),AAS/IOP,green-oa,2504.18688,2025ApJ...984L...6T,arxiv-preprint-figure,,not-needed
dm-tau,dm-tau_hashimoto2021-band6,images/dm-tau/dm-tau_hashimoto2021.png,Hashimoto,2021,"ApJ 911, 5",AAS/IOP,green-oa,2102.05905,2021ApJ...911....5H,arxiv-preprint-figure,,not-needed
dn-tau,dn-tau_taurus-long2018,images/dn-tau/dn-tau_taurus-long2018.png,Long,2018,"ApJ 869, 17",AAS/IOP,green-oa,1810.06044,2018ApJ...869...17L,arxiv-preprint-figure,,not-needed
dn-tau,dn-tau_sphere-taurus,images/dn-tau/dn-tau_sphere-taurus.png,Garufi,2024,"A&A 685, A53",EDP Sciences,hybrid,2403.02158,2024A&A...685A..53G,arxiv-preprint-figure,,not-needed
dn-tau,dn-tau_sphere-ks-qphi,images/dn-tau/dn-tau_sphere-ks-qphi.png,Ren,2023,"A&A 680, A114",EDP Sciences,hybrid,2310.08589,2023A&A...680A.114R,arxiv-preprint-figure,,not-needed
do-tau,do-tau_taurus-long2019,images/do-tau/do-tau_taurus-long2019.png,Long,2019,"ApJ 882, 49",AAS/IOP,green-oa,1906.10809,2019ApJ...882...49L,arxiv-preprint-figure,,not-needed
do-tau,do-tau_sphere-taurus,images/do-tau/do-tau_sphere-taurus.png,Garufi,2024,"A&A 685, A53",EDP Sciences,hybrid,2403.02158,2024A&A...685A..53G,arxiv-preprint-figure,,not-needed
do-tau,do-tau_alice-f160w,images/do-tau/do-tau_alice-f160w.png,Hagan,2018,"AJ 155, 179",AAS/IOP,green-oa,1802.07754,2018AJ....155..179H,archive-product,,not-needed
do-tau,do-tau_carma2015,images/do-tau/do-tau_carma2015.png,Kwon,2015,"ApJ 808, 102",AAS/IOP,green-oa,1506.03679,2015ApJ...808..102K,arxiv-preprint-figure,,not-needed
doar-25,doar-25_dsharp,images/doar-25/doar-25_dsharp.png,Andrews,2018,"ApJL 869, L41",AAS/IOP,green-oa,1812.04040,2018ApJ...869L..41A,arxiv-preprint-figure,,not-needed
doar-25,doar-25_alice-f160w,images/doar-25/doar-25_alice-f160w.png,Hagan,2018,"AJ 155, 179",AAS/IOP,green-oa,1802.07754,2018AJ....155..179H,archive-product,,not-needed
doar-25,doar-25_sphere2020,images/doar-25/doar-25_sphere2020.png,Garufi,2020,"A&A 633, A82",EDP Sciences,hybrid,1911.10853,2020A&A...633A..82G,arxiv-preprint-figure,,not-needed
doar-25,doar-25_jwst-jdiscs,images/doar-25/doar-25_jwst-jdiscs.png,Narang,2026,"unknown (arXiv preprint, 2026)",arXiv preprint,preprint,2605.07016,2026ApJ..1004..188N,arxiv-preprint-figure,,not-needed
doar-28,doar-28_nircensus,images/doar-28/doar-28_nircensus.png,Garufi,2026,"A&A, in press",EDP Sciences,hybrid,2603.01703,2026A&A...709A.269G,arxiv-preprint-figure,,not-needed
doar-28,doar-28_hiciao2014,images/doar-28/doar-28_hiciao2014.png,Rich,2015,"AJ 150, 86",AAS/IOP,green-oa,1507.03014,2015AJ....150...86R,arxiv-preprint-figure,,not-needed
doar-33,doar-33_dsharp,images/doar-33/doar-33_dsharp.png,Andrews,2018,"ApJL 869, L41",AAS/IOP,green-oa,1812.04040,2018ApJ...869L..41A,arxiv-preprint-figure,,not-needed
doar-44,doar-44_dartts-s,images/doar-44/doar-44_dartts-s.png,Avenhaus,2018,"ApJ 863, 44",AAS/IOP,green-oa,1803.10882,2018ApJ...863...44A,arxiv-preprint-figure,,not-needed
doar-44,doar-44_odisea,images/doar-44/doar-44_odisea.png,Cieza,2021,"MNRAS 501, 2934",OUP,hybrid,2012.00189,2021MNRAS.501.2934C,arxiv-preprint-figure,,not-needed
doar-44,doar-44_casassus-sphere,images/doar-44/doar-44_casassus-sphere.png,Casassus,2018,"MNRAS 477, 5104",OUP,hybrid,1804.02360,2018MNRAS.477.5104C,arxiv-preprint-figure,,not-needed
doar-44,doar-44_casassus-alma,images/doar-44/doar-44_casassus-alma.png,Casassus,2018,"MNRAS 477, 5104",OUP,hybrid,1804.02360,2018MNRAS.477.5104C,arxiv-preprint-figure,,not-needed
dq-tau,dq-tau_taurus-long2019,images/dq-tau/dq-tau_taurus-long2019.png,Long,2019,"ApJ 882, 49",AAS/IOP,green-oa,1906.10809,2019ApJ...882...49L,arxiv-preprint-figure,,not-needed
dq-tau,dq-tau_sphere-taurus,images/dq-tau/dq-tau_sphere-taurus.png,Garufi,2024,"A&A 685, A53",EDP Sciences,hybrid,2403.02158,2024A&A...685A..53G,arxiv-preprint-figure,,not-needed
dq-tau,dq-tau_alice-f110w,images/dq-tau/dq-tau_alice-f110w.png,Hagan,2018,"AJ 155, 179",AAS/IOP,green-oa,1802.07754,2018AJ....155..179H,archive-product,,not-needed
dr-tau,dr-tau_taurus-long2019,images/dr-tau/dr-tau_taurus-long2019.png,Long,2019,"ApJ 882, 49",AAS/IOP,green-oa,1906.10809,2019ApJ...882...49L,arxiv-preprint-figure,,not-needed
dr-tau,dr-tau_sphere-taurus,images/dr-tau/dr-tau_sphere-taurus.png,Garufi,2024,"A&A 685, A53",EDP Sciences,hybrid,2403.02158,2024A&A...685A..53G,arxiv-preprint-figure,,not-needed
dr-tau,dr-tau_alice-f212n,images/dr-tau/dr-tau_alice-f212n.png,Hagan,2018,"AJ 155, 179",AAS/IOP,green-oa,1802.07754,2018AJ....155..179H,archive-product,,not-needed
dr-tau,dr-tau_noema2023,images/dr-tau/dr-tau_noema2023.png,Huang,2023,"ApJ 943, 107",AAS/IOP,green-oa,2301.02674,2023ApJ...943..107H,arxiv-preprint-figure,,not-needed
dr-tau,dr-tau_lbti2022,images/dr-tau/dr-tau_lbti2022.png,Mesa,2022,"A&A 658, A63",EDP Sciences,hybrid,2111.01702,2022A&A...658A..63M,arxiv-preprint-figure,,not-needed
ds-tau,ds-tau_taurus-long2018,images/ds-tau/ds-tau_taurus-long2018.png,Long,2018,"ApJ 869, 17",AAS/IOP,green-oa,1810.06044,2018ApJ...869...17L,arxiv-preprint-figure,,not-needed
ds-tau,ds-tau_sphere-taurus,images/ds-tau/ds-tau_sphere-taurus.png,Garufi,2024,"A&A 685, A53",EDP Sciences,hybrid,2403.02158,2024A&A...685A..53G,arxiv-preprint-figure,,not-needed
ds-tau,ds-tau_sphere-ks-qphi,images/ds-tau/ds-tau_sphere-ks-qphi.png,Ren,2023,"A&A 680, A114",EDP Sciences,hybrid,2310.08589,2023A&A...680A.114R,arxiv-preprint-figure,,not-needed
dw-aur,dw-aur_destinys,images/dw-aur/dw-aur_destinys.png,Garufi,2026,"A&A, in press",EDP Sciences,hybrid,2603.01703,2026A&A...709A.269G,arxiv-preprint-figure,,not-needed
elias-2-32,elias-2-32_agepro,images/elias-2-32/elias-2-32_agepro.png,Zhang,2025,ApJ (2025),AAS/IOP,green-oa,2506.10719,2025ApJ...989....1Z,arxiv-preprint-figure,,not-needed
elias-20,elias-20_dsharp,images/elias-20/elias-20_dsharp.png,Andrews,2018,"ApJL 869, L41",AAS/IOP,green-oa,1812.04040,2018ApJ...869L..41A,arxiv-preprint-figure,,not-needed
elias-24,elias-24_dsharp,images/elias-24/elias-24_dsharp.png,Andrews,2018,"ApJL 869, L41",AAS/IOP,green-oa,1812.04040,2018ApJ...869L..41A,arxiv-preprint-figure,,not-needed
elias-24,elias-24_eris2025,images/elias-24/elias-24_eris2025.png,Maio,2025,Astronomy & Astrophysics,EDP Sciences,hybrid,2504.19810,2025A&A...698A..52M,arxiv-preprint-figure,,not-needed
elias-25,elias-25_naco-pippin,images/elias-25/elias-25_naco-pippin.png,de Regt,2024,"A&A 684, A73",EDP Sciences,hybrid,2404.02222,2024A&A...684A..73D,arxiv-preprint-figure,,not-needed
elias-27,elias-27_dsharp,images/elias-27/elias-27_dsharp.png,Andrews,2018,"ApJL 869, L41",AAS/IOP,green-oa,1812.04040,2018ApJ...869L..41A,arxiv-preprint-figure,,not-needed
elias-27,elias-27_alma2016,images/elias-27/elias-27_alma2016.png,Perez,2016,"Science 353, 1519",AAAS,restrictive,1610.05139,2016Sci...353.1519P,arxiv-preprint-figure,Y,not-needed
en-tra,en-tra_vlti_pionier,images/en-tra/en-tra_vlti_pionier.png,De Prins,2026,A&A,EDP Sciences,hybrid,2605.13445,2026arXiv260513445D,arxiv-preprint-figure,,not-needed
eps-ind-a,eps-ind-a_jwst2024,images/eps-ind-a/eps-ind-a_jwst2024.png,Matthews,2024,"Nature 633, 789",Springer Nature,restrictive,2503.01599,2024Natur.633..789M,arxiv-preprint-figure,Y,not-needed
eps-ind-a,eps-ind-a_jwst2026,images/eps-ind-a/eps-ind-a_jwst2026.png,Matthews,2026,ApJL (accepted),AAS/IOP,green-oa,2603.08780,2026arXiv260308780M,arxiv-preprint-figure,,not-needed
eso-halpha-569,eso-halpha-569_edgeon-alma2020,images/eso-halpha-569/eso-halpha-569_edgeon-alma2020.png,Villenave,2020,"A&A 642, A164",EDP Sciences,hybrid,2008.06518,2020A&A...642A.164V,arxiv-preprint-figure,,not-needed
eso-halpha-569,eso-halpha-569_acs2012,images/eso-halpha-569/eso-halpha-569_acs2012.png,Wolff,2017,"ApJ 851, 56",AAS/IOP,green-oa,1711.03322,2017ApJ...851...56W,arxiv-preprint-figure,,not-needed
eso-halpha-569,eso-halpha-569_acs2012-f606w,images/eso-halpha-569/eso-halpha-569_acs2012-f606w.png,Wolff,2017,"ApJ 851, 56",AAS/IOP,green-oa,1711.03322,2017ApJ...851...56W,arxiv-preprint-figure,,not-needed
eso-halpha-574,eso-halpha-574_edgeon-alma2020,images/eso-halpha-574/eso-halpha-574_edgeon-alma2020.png,Villenave,2020,"A&A 642, A164",EDP Sciences,hybrid,2008.06518,2020A&A...642A.164V,arxiv-preprint-figure,,not-needed
et-cha,et-cha_sphere2020,images/et-cha/et-cha_sphere2020.png,Ginski,2020,A&A,EDP Sciences,hybrid,2007.05274,2020A&A...642A.119G,arxiv-preprint-figure,,not-needed
eta-crv,eta-crv_reasons,images/eta-crv/eta-crv_reasons.png,Matra,2025,"A&A 693, A151",EDP Sciences,hybrid,2501.09058,2025A&A...693A.151M,arxiv-preprint-figure,,not-needed
eta-crv,eta-crv_alma2017,images/eta-crv/eta-crv_alma2017.png,Marino,2017,"MNRAS 465, 2595",OUP,hybrid,1611.01168,2017MNRAS.465.2595M,arxiv-preprint-figure,,not-needed
eta-crv,eta-crv_alice-f160w,images/eta-crv/eta-crv_alice-f160w.png,Hagan,2018,"AJ 155, 179",AAS/IOP,green-oa,1802.07754,2018AJ....155..179H,archive-product,,not-needed
eta-crv,eta-crv_herschel2014,images/eta-crv/eta-crv_herschel2014.png,Duchene,2014,"ApJ 784, 148",AAS/IOP,green-oa,1402.1184,2014ApJ...784..148D,arxiv-preprint-figure,,not-needed
ex-lup,ex-lup_zurlo2024,images/ex-lup/ex-lup_zurlo2024.png,Zurlo,2024,"A&A 686, A309",EDP Sciences,hybrid,2403.12124,2024A&A...686A.309Z,arxiv-preprint-figure,,not-needed
flying-saucer,flying-saucer_alma-martinien,images/flying-saucer/flying-saucer_alma-martinien.png,Martinien,2026,A&A (2026),EDP Sciences,hybrid,2604.11247,2026A&A...710A.140M,arxiv-preprint-figure,,not-needed
flying-saucer,flying-saucer_jwst-nirspec,images/flying-saucer/flying-saucer_jwst-nirspec.png,Dartois,2025,"A&A 705, L14",EDP Sciences,hybrid,2512.13503,2026A&A...705L..14D,arxiv-preprint-figure,,not-needed
flying-saucer,flying-saucer_isaac2003,images/flying-saucer/flying-saucer_isaac2003.png,Grosso,2003,"ApJ 586, 296",AAS/IOP,green-oa,astro-ph/0211570,2003ApJ...586..296G,arxiv-preprint-figure,,not-needed
fomalhaut,fomalhaut_reasons,images/fomalhaut/fomalhaut_reasons.png,Matra,2025,"A&A 693, A151",EDP Sciences,hybrid,2501.09058,2025A&A...693A.151M,arxiv-preprint-figure,,not-needed
fomalhaut,fomalhaut_alma2017,images/fomalhaut/fomalhaut_alma2017.png,MacGregor,2017,"ApJ 842, 8",AAS/IOP,green-oa,1705.05867,2017ApJ...842....8M,arxiv-preprint-figure,,not-needed
fomalhaut,fomalhaut_jwst2023,images/fomalhaut/fomalhaut_jwst2023.png,Gaspar,2023,"Nature Astronomy 7, 790",Springer Nature,restrictive,2305.03789,2023NatAs...7..790G,arxiv-preprint-figure,Y,not-needed
fomalhaut,fomalhaut_acs2005,images/fomalhaut/fomalhaut_acs2005.png,Kalas,2005,"Nature 435, 1067",Springer Nature,restrictive,astro-ph/0506574,2005Natur.435.1067K,arxiv-preprint-figure,Y,not-needed
fomalhaut,fomalhaut_acs2008,images/fomalhaut/fomalhaut_acs2008.png,Kalas,2008,"Science 322, 1345",AAAS,restrictive,0811.1994,2008Sci...322.1345K,arxiv-preprint-figure,Y,not-needed
fomalhaut,fomalhaut_jwst2023-f1550c,images/fomalhaut/fomalhaut_jwst2023-f1550c.png,Gaspar,2023,"Nature Astronomy 7, 790",Springer Nature,restrictive,2305.03789,2023NatAs...7..790G,arxiv-preprint-figure,Y,not-needed
fomalhaut,fomalhaut_jwst2023-f2300c,images/fomalhaut/fomalhaut_jwst2023-f2300c.png,Gaspar,2023,"Nature Astronomy 7, 790",Springer Nature,restrictive,2305.03789,2023NatAs...7..790G,arxiv-preprint-figure,Y,not-needed
fomalhaut,fomalhaut_stis2013,images/fomalhaut/fomalhaut_stis2013.png,Kalas,2013,ApJ,AAS/IOP,green-oa,1305.2222,2013ApJ...775...56K,arxiv-preprint-figure,,not-needed
fomalhaut,fomalhaut_herschel2012,images/fomalhaut/fomalhaut_herschel2012.png,Acke,2012,"A&A 540, A125",EDP Sciences,hybrid,1204.5037,2012A&A...540A.125A,arxiv-preprint-figure,,not-needed
fomalhaut,fomalhaut_sharcii2005,images/fomalhaut/fomalhaut_sharcii2005.png,Marsh,2005,"ApJL 620, L47",AAS/IOP,green-oa,astro-ph/0501140,2005ApJ...620L..47M,arxiv-preprint-figure,,not-needed
fomalhaut,fomalhaut_spitzer-mips,images/fomalhaut/fomalhaut_spitzer-mips.png,Stapelfeldt,2004,"ApJS 154, 458",AAS/IOP,green-oa,,2004ApJS..154..458S,publisher-pdf,,not-needed
fs-tau,fs-tau_hiciao-yang2020,images/fs-tau/fs-tau_hiciao-yang2020.png,Yang,2020,"ApJ 889, 140",AAS/IOP,green-oa,1912.11301,2020ApJ...889..140Y,arxiv-preprint-figure,,not-needed
ft-tau,ft-tau_taurus-long2018,images/ft-tau/ft-tau_taurus-long2018.png,Long,2018,"ApJ 869, 17",AAS/IOP,green-oa,1810.06044,2018ApJ...869...17L,arxiv-preprint-figure,,not-needed
fu-ori,fu-ori_gemini-lights,images/fu-ori/fu-ori_gemini-lights.png,Rich,2022,"AJ 164, 109",AAS/IOP,green-oa,2206.05815,2022AJ....164..109R,arxiv-preprint-figure,,not-needed
fu-ori,fu-ori_alma2020,images/fu-ori/fu-ori_alma2020.png,Perez,2020,ApJ,AAS/IOP,green-oa,1911.11282,2020ApJ...889...59P,arxiv-preprint-figure,,not-needed
fu-ori,fu-ori_hiciao2018,images/fu-ori/fu-ori_hiciao2018.png,Takami,2018,"ApJ 864, 20",AAS/IOP,green-oa,1807.03499,2018ApJ...864...20T,arxiv-preprint-figure,,not-needed
fu-ori,fu-ori_zurlo2024,images/fu-ori/fu-ori_zurlo2024.png,Zurlo,2024,"A&A 686, A309",EDP Sciences,hybrid,2403.12124,2024A&A...686A.309Z,arxiv-preprint-figure,,not-needed
fu-ori,fu-ori_sphere2022,images/fu-ori/fu-ori_sphere2022.png,Weber,2023,"MNRAS 518, 5620",OUP,hybrid,2211.14322,2023MNRAS.518.5620W,arxiv-preprint-figure,,not-needed
fw-tau,fw-tau_nirc2-2014,images/fw-tau/fw-tau_nirc2-2014.png,Kraus,2014,"ApJ 781, 20",AAS/IOP,green-oa,1311.7664,2014ApJ...781...20K,arxiv-preprint-figure,,not-needed
g023-01-00-41,g023-01-00-41_alma2019,images/g023-01-00-41/g023-01-00-41_alma2019.png,Sanna,2019,A&A,EDP Sciences,hybrid,1805.09842,2019A&A...623A..77S,arxiv-preprint-figure,,not-needed
g17-64-0-16,g17-64-0-16_alma2019,images/g17-64-0-16/g17-64-0-16_alma2019.png,Maud,2019,A&A,EDP Sciences,hybrid,1906.06548,2019A&A...627L...6M,arxiv-preprint-figure,,not-needed
gaia-dr2-5854897321965963264,gaia-dr2-5854897321965963264_destinys,images/gaia-dr2-5854897321965963264/gaia-dr2-5854897321965963264_destinys.png,Garufi,2026,"A&A, in press",EDP Sciences,hybrid,2603.01703,2026A&A...709A.269G,arxiv-preprint-figure,,not-needed
gamma-oph,gamma-oph_mri_f2550w,images/gamma-oph/gamma-oph_mri_f2550w.png,Han,2026,"ApJ 1004, 182",AAS/IOP,green-oa,2601.15285,2026ApJ..1004..182H,arxiv-preprint-figure,,not-needed
gg-tau,gg-tau_sphere2020,images/gg-tau/gg-tau_sphere2020.png,Keppler,2020,"A&A 639, A62",EDP Sciences,hybrid,2005.09037,2020A&A...639A..62K,arxiv-preprint-figure,,not-needed
gg-tau,gg-tau_sphere-taurus,images/gg-tau/gg-tau_sphere-taurus.png,Garufi,2024,"A&A 685, A53",EDP Sciences,hybrid,2403.02158,2024A&A...685A..53G,arxiv-preprint-figure,,not-needed
gg-tau,gg-tau_cfht1996,images/gg-tau/gg-tau_cfht1996.png,Roddier,1996,"ApJ 463, 326",AAS/IOP,green-oa,,1996ApJ...463..326R,publisher-pdf,,not-needed
gg-tau,gg-tau_alma2020,images/gg-tau/gg-tau_alma2020.png,Phuong,2020,A&A,EDP Sciences,hybrid,2001.08147,2020A&A...635A..12P,arxiv-preprint-figure,,not-needed
gg-tau,gg-tau_wfpc2002,images/gg-tau/gg-tau_wfpc2002.png,Krist,2002,"ApJ 570, 785",AAS/IOP,green-oa,astro-ph/0201415,2002ApJ...570..785K,arxiv-preprint-figure,,not-needed
gg-tau,gg-tau_nicmos2002,images/gg-tau/gg-tau_nicmos2002.png,McCabe,2002,"ApJ 575, 974",AAS/IOP,green-oa,astro-ph/0204465,2002ApJ...575..974M,arxiv-preprint-figure,,not-needed
gg-tau,gg-tau_acs2005_v,images/gg-tau/gg-tau_acs2005_v.png,Krist,2005,"AJ 130, 2778",AAS/IOP,green-oa,astro-ph/0508222,2005AJ....130.2778K,arxiv-preprint-figure,,not-needed
gg-tau,gg-tau_acs2005_i,images/gg-tau/gg-tau_acs2005_i.png,Krist,2005,"AJ 130, 2778",AAS/IOP,green-oa,astro-ph/0508222,2005AJ....130.2778K,arxiv-preprint-figure,,not-needed
gg-tau,gg-tau_vla2014,images/gg-tau/gg-tau_vla2014.png,Andrews,2014,"ApJ 787, 148",AAS/IOP,green-oa,1404.5652,2014ApJ...787..148A,arxiv-preprint-figure,,not-needed
gg-tau,gg-tau_bima2000,images/gg-tau/gg-tau_bima2000.png,Looney,2000,"ApJ 529, 477",AAS/IOP,green-oa,astro-ph/9908301,2000ApJ...529..477L,arxiv-preprint-figure,,not-needed
gi-tau,gi-tau_sphere-taurus,images/gi-tau/gi-tau_sphere-taurus.png,Garufi,2024,"A&A 685, A53",EDP Sciences,hybrid,2403.02158,2024A&A...685A..53G,arxiv-preprint-figure,,not-needed
gi-tau,gi-tau_taurus-long2019,images/gi-tau/gi-tau_taurus-long2019.png,Long,2019,"ApJ 882, 49",AAS/IOP,green-oa,1906.10809,2019ApJ...882...49L,arxiv-preprint-figure,,not-needed
gj-14,gj-14_reasons,images/gj-14/gj-14_reasons.png,Matra,2025,"A&A 693, A151",EDP Sciences,hybrid,2501.09058,2025A&A...693A.151M,arxiv-preprint-figure,,not-needed
gj-504,gj-504_seeds2013,images/gj-504/gj-504_seeds2013.png,Kuzuhara,2013,"ApJ 774, 11",AAS/IOP,green-oa,1307.2886,2013ApJ...774...11K,arxiv-preprint-figure,,not-needed
gj-504,gj-504_sphere2018,images/gj-504/gj-504_sphere2018.png,Bonnefoy,2018,"A&A 618, A63",EDP Sciences,hybrid,1807.00657,2018A&A...618A..63B,arxiv-preprint-figure,,not-needed
gj-504,gj-504_lbti2016,images/gj-504/gj-504_lbti2016.png,Skemer,2016,The Astrophysical Journal,AAS/IOP,green-oa,1511.09183,2016ApJ...817..166S,arxiv-preprint-figure,,not-needed
gj-504,gj-504_mirico2025,images/gj-504/gj-504_mirico2025.png,Mâlin,2025,A&A,EDP Sciences,hybrid,2501.00104,2025A&A...693A.315M,arxiv-preprint-figure,,not-needed
gj-581,gj-581_herschel,images/gj-581/gj-581_herschel.png,Lestrade,2012,"A&A 548, A86",EDP Sciences,hybrid,1211.4898,2012A&A...548A..86L,arxiv-preprint-figure,,not-needed
gk-tau,gk-tau_taurus-long2019,images/gk-tau/gk-tau_taurus-long2019.png,Long,2019,"ApJ 882, 49",AAS/IOP,green-oa,1906.10809,2019ApJ...882...49L,arxiv-preprint-figure,,not-needed
gk-tau,gk-tau_sphere-taurus,images/gk-tau/gk-tau_sphere-taurus.png,Garufi,2024,"A&A 685, A53",EDP Sciences,hybrid,2403.02158,2024A&A...685A..53G,arxiv-preprint-figure,,not-needed
gm-aur,gm-aur_alma2020,images/gm-aur/gm-aur_alma2020.png,Huang,2020,"ApJ 891, 48",AAS/IOP,green-oa,2001.11040,2020ApJ...891...48H,arxiv-preprint-figure,,not-needed
gm-aur,gm-aur_sphere-taurus,images/gm-aur/gm-aur_sphere-taurus.png,Garufi,2024,"A&A 685, A53",EDP Sciences,hybrid,2403.02158,2024A&A...685A..53G,arxiv-preprint-figure,,not-needed
gm-aur,gm-aur_nicmos2003,images/gm-aur/gm-aur_nicmos2003.png,Schneider,2003,"AJ 125, 1467",AAS/IOP,green-oa,,2003AJ....125.1467S,publisher-pdf,,not-needed
gm-aur,gm-aur_seeds,images/gm-aur/gm-aur_seeds.png,Tamura,2016,"Proc. Japan Acad. Ser. B 92, 45",unknown,unknown,,2016PJAB...92...45T,publisher-pdf,,not-needed
gm-aur,gm-aur_alice-f110w,images/gm-aur/gm-aur_alice-f110w.png,Hagan,2018,"AJ 155, 179",AAS/IOP,green-oa,1802.07754,2018AJ....155..179H,archive-product,,not-needed
gm-aur,gm-aur_alma-maps2021,images/gm-aur/gm-aur_alma-maps2021.png,Oberg,2021,"ApJS, 257, 1",AAS/IOP,green-oa,2109.06268,2021ApJS..257....1O,arxiv-preprint-figure,,not-needed
gm-aur,gm-aur_sphere-ks-qphi,images/gm-aur/gm-aur_sphere-ks-qphi.png,Ren,2023,"A&A 680, A114",EDP Sciences,hybrid,2310.08589,2023A&A...680A.114R,arxiv-preprint-figure,,not-needed
gm-aur,gm-aur_pdbi2009,images/gm-aur/gm-aur_pdbi2009.png,Hughes,2009,"ApJ 698, 131",AAS/IOP,green-oa,0903.4455,2009ApJ...698..131H,arxiv-preprint-figure,,not-needed
gm-aur,gm-aur_sma2009,images/gm-aur/gm-aur_sma2009.png,Hughes,2009,"ApJ 698, 131",AAS/IOP,green-oa,0903.4455,2009ApJ...698..131H,arxiv-preprint-figure,,not-needed
gm-aur,gm-aur_acssbc_f140lp,images/gm-aur/gm-aur_acssbc_f140lp.png,Hornbeck,2016,ApJ,AAS/IOP,green-oa,1607.03520,2016ApJ...829...65H,arxiv-preprint-figure,,not-needed
gm-aur,gm-aur_bima2000,images/gm-aur/gm-aur_bima2000.png,Looney,2000,"ApJ 529, 477",AAS/IOP,green-oa,astro-ph/9908301,2000ApJ...529..477L,arxiv-preprint-figure,,not-needed
go-tau,go-tau_taurus-long2018,images/go-tau/go-tau_taurus-long2018.png,Long,2018,"ApJ 869, 17",AAS/IOP,green-oa,1810.06044,2018ApJ...869...17L,arxiv-preprint-figure,,not-needed
go-tau,go-tau_alice-f160w,images/go-tau/go-tau_alice-f160w.png,Hagan,2018,"AJ 155, 179",AAS/IOP,green-oa,1802.07754,2018AJ....155..179H,archive-product,,not-needed
gq-lup,gq-lup_naco2005,images/gq-lup/gq-lup_naco2005.png,Neuhauser,2005,"A&A 435, L13",EDP Sciences,hybrid,astro-ph/0503691,2005A&A...435L..13N,arxiv-preprint-figure,,not-needed
gq-lup,gq-lup_sphere2021,images/gq-lup/gq-lup_sphere2021.png,van Holstein,2021,A&A,EDP Sciences,hybrid,2101.04033,2021A&A...647A..21V,arxiv-preprint-figure,,not-needed
gq-lup,gq-lup_miri-mrs2024,images/gq-lup/gq-lup_miri-mrs2024.png,Cugno,2024,ApJL,AAS/IOP,green-oa,2404.07086,2024ApJ...966L..21C,arxiv-preprint-figure,,not-needed
gq-lup,gq-lup_alma2017,images/gq-lup/gq-lup_alma2017.png,MacGregor,2017,"ApJ 835, 17",AAS/IOP,green-oa,1611.06229,2017ApJ...835...17M,arxiv-preprint-figure,,not-needed
gsc-07396-00759,gsc-07396-00759_reasons,images/gsc-07396-00759/gsc-07396-00759_reasons.png,Matra,2025,"A&A 693, A151",EDP Sciences,hybrid,2501.09058,2025A&A...693A.151M,arxiv-preprint-figure,,not-needed
gsc-07396-00759,gsc-07396-00759_sphere-debris-2025,images/gsc-07396-00759/gsc-07396-00759_sphere-debris-2025.png,Engler,2025,"A&A 704, A21",EDP Sciences,hybrid,2512.03128,2025A&A...704A..21E,arxiv-preprint-figure,,not-needed
gsc-07396-00759,gsc-07396-00759_sphere-rdi-xie22,images/gsc-07396-00759/gsc-07396-00759_sphere-rdi-xie22.png,Xie,2022,"A&A 666, A32",EDP Sciences,hybrid,2208.07915,2022A&A...666A..32X,arxiv-preprint-figure,,not-needed
gsc-6214-210,gsc-6214-210_keck2011,images/gsc-6214-210/gsc-6214-210_keck2011.png,Ireland,2011,"ApJ 726, 113",AAS/IOP,green-oa,1011.2201,2011ApJ...726..113I,arxiv-preprint-figure,,not-needed
gsc-6214-210,gsc-6214-210_sphere2021,images/gsc-6214-210/gsc-6214-210_sphere2021.png,van Holstein,2021,A&A,EDP Sciences,hybrid,2101.04033,2021A&A...647A..21V,arxiv-preprint-figure,,not-needed
gss30-irs3,gss30-irs3_edisk,images/gss30-irs3/gss30-irs3_edisk.png,Ohashi,2023,"ApJ 951, 8",AAS/IOP,green-oa,2306.15406,2023ApJ...951....8O,arxiv-preprint-figure,,not-needed
gu-psc,gu-psc_discovery2014,images/gu-psc/gu-psc_discovery2014.png,Naud,2014,"ApJ 787, 5",AAS/IOP,green-oa,1405.2932,2014ApJ...787....5N,arxiv-preprint-figure,,not-needed
gw-lup,gw-lup_dsharp,images/gw-lup/gw-lup_dsharp.png,Andrews,2018,"ApJL 869, L41",AAS/IOP,green-oa,1812.04040,2018ApJ...869L..41A,arxiv-preprint-figure,,not-needed
gw-lup,gw-lup_sphere2021,images/gw-lup/gw-lup_sphere2021.png,Garufi,2021,Astronomy & Astrophysics,EDP Sciences,hybrid,2111.07856,2022A&A...658A.137G,arxiv-preprint-figure,,not-needed
gw-ori,gw-ori_gemini-lights,images/gw-ori/gw-ori_gemini-lights.png,Rich,2022,"AJ 164, 109",AAS/IOP,green-oa,2206.05815,2022AJ....164..109R,arxiv-preprint-figure,,not-needed
gw-ori,gw-ori_alma2020,images/gw-ori/gw-ori_alma2020.png,Bi,2020,ApJL,AAS/IOP,green-oa,2004.03135,2020ApJ...895L..18B,arxiv-preprint-figure,,not-needed
gw-ori,gw-ori_sphere2020,images/gw-ori/gw-ori_sphere2020.png,Kraus,2020,"Science 369, 1233",AAAS,restrictive,2004.01204,2020Sci...369.1233K,arxiv-preprint-figure,Y,not-needed
haro-1-1,haro-1-1_destinys,images/haro-1-1/haro-1-1_destinys.png,Garufi,2026,"A&A, in press",EDP Sciences,hybrid,2603.01703,2026A&A...709A.269G,arxiv-preprint-figure,,not-needed
haro-6-13,haro-6-13_taurus-long2019,images/haro-6-13/haro-6-13_taurus-long2019.png,Long,2019,"ApJ 882, 49",AAS/IOP,green-oa,1906.10809,2019ApJ...882...49L,arxiv-preprint-figure,,not-needed
haro-6-5b,haro-6-5b_edgeon-alma2020-b4,images/haro-6-5b/haro-6-5b_edgeon-alma2020-b4.png,Villenave,2020,"A&A 642, A164",EDP Sciences,hybrid,2008.06518,2020A&A...642A.164V,arxiv-preprint-figure,,not-needed
haro-6-5b,haro-6-5b_edgeon-alma2020,images/haro-6-5b/haro-6-5b_edgeon-alma2020.png,Villenave,2020,"A&A 642, A164",EDP Sciences,hybrid,2008.06518,2020A&A...642A.164V,arxiv-preprint-figure,,not-needed
haro-6-5b,haro-6-5b_nicmos1999,images/haro-6-5b/haro-6-5b_nicmos1999.png,Padgett,1999,"AJ 117, 1490",AAS/IOP,green-oa,astro-ph/9902101,1999AJ....117.1490P,arxiv-preprint-figure,,not-needed
hbc-494,hbc-494_alma2023,images/hbc-494/hbc-494_alma2023.png,Nogueira,2023,MNRAS,OUP,hybrid,2305.15647,2023MNRAS.523.4970N,arxiv-preprint-figure,,not-needed
hd-100453,hd-100453_gemini-lights,images/hd-100453/hd-100453_gemini-lights.png,Rich,2022,"AJ 164, 109",AAS/IOP,green-oa,2206.05815,2022AJ....164..109R,arxiv-preprint-figure,,not-needed
hd-100453,hd-100453_sphere2017,images/hd-100453/hd-100453_sphere2017.png,Benisty,2017,"A&A 597, A42",EDP Sciences,hybrid,1610.10089,2017A&A...597A..42B,arxiv-preprint-figure,,not-needed
hd-100453,hd-100453_sphere-ks-rdi,images/hd-100453/hd-100453_sphere-ks-rdi.png,Ren,2023,"A&A 680, A114",EDP Sciences,hybrid,2310.08589,2023A&A...680A.114R,arxiv-preprint-figure,,not-needed
hd-100453,hd-100453_gravity2022-shadow,images/hd-100453/hd-100453_gravity2022-shadow.png,Bohn,2022,"A&A 658, A183",EDP Sciences,hybrid,2112.00123,2022A&A...658A.183B,arxiv-preprint-figure,,not-needed
hd-100453,hd-100453_alma2019,images/hd-100453/hd-100453_alma2019.png,van der Plas,2019,"A&A 624, A33",EDP Sciences,hybrid,1902.00720,2019A&A...624A..33V,arxiv-preprint-figure,,not-needed
hd-100453,hd-100453_sphere-ks-qphi,images/hd-100453/hd-100453_sphere-ks-qphi.png,Ren,2023,"A&A 680, A114",EDP Sciences,hybrid,2310.08589,2023A&A...680A.114R,arxiv-preprint-figure,,not-needed
hd-100453,hd-100453_sphere-rdi-xie22,images/hd-100453/hd-100453_sphere-rdi-xie22.png,Xie,2022,"A&A 666, A32",EDP Sciences,hybrid,2208.07915,2022A&A...666A..32X,arxiv-preprint-figure,,not-needed
hd-100453,hd-100453_magao2022,images/hd-100453/hd-100453_magao2022.png,Follette,2023,AJ,AAS/IOP,green-oa,2211.02109,2023AJ....165..225F,arxiv-preprint-figure,,not-needed
hd-100453,hd-100453_visir2021,images/hd-100453/hd-100453_visir2021.png,Petit dit de la Roche,2021,A&A,EDP Sciences,hybrid,2102.12506,2021A&A...648A..92P,arxiv-preprint-figure,,not-needed
hd-100453,hd-100453_sphere-k1-wagner2015,images/hd-100453/hd-100453_sphere-k1-wagner2015.png,Wagner,2015,"ApJL 813, L2",AAS/IOP,green-oa,1510.02212,2015ApJ...813L...2W,arxiv-preprint-figure,,not-needed
hd-100453,hd-100453_sphere-k2-wagner2015,images/hd-100453/hd-100453_sphere-k2-wagner2015.png,Wagner,2015,"ApJL 813, L2",AAS/IOP,green-oa,1510.02212,2015ApJ...813L...2W,arxiv-preprint-figure,,not-needed
hd-100453,hd-100453_ifs-y-wagner2015,images/hd-100453/hd-100453_ifs-y-wagner2015.png,Wagner,2015,"ApJL 813, L2",AAS/IOP,green-oa,1510.02212,2015ApJ...813L...2W,arxiv-preprint-figure,,not-needed
hd-100453,hd-100453_ifs-j-wagner2015,images/hd-100453/hd-100453_ifs-j-wagner2015.png,Wagner,2015,"ApJL 813, L2",AAS/IOP,green-oa,1510.02212,2015ApJ...813L...2W,arxiv-preprint-figure,,not-needed
hd-100453,hd-100453_ifs-h-wagner2015,images/hd-100453/hd-100453_ifs-h-wagner2015.png,Wagner,2015,"ApJL 813, L2",AAS/IOP,green-oa,1510.02212,2015ApJ...813L...2W,arxiv-preprint-figure,,not-needed
hd-100453,hd-100453_naco-chen2006,images/hd-100453/hd-100453_naco-chen2006.png,Chen,2006,"A&A 445, 331",EDP Sciences,hybrid,,2006A&A...445..331C,publisher-pdf,,not-needed
hd-100546,hd-100546_gemini-lights,images/hd-100546/hd-100546_gemini-lights.png,Rich,2022,"AJ 164, 109",AAS/IOP,green-oa,2206.05815,2022AJ....164..109R,arxiv-preprint-figure,,not-needed
hd-100546,hd-100546_alma2014,images/hd-100546/hd-100546_alma2014.png,Walsh,2014,"ApJL 791, L6",AAS/IOP,green-oa,1405.6542,2014ApJ...791L...6W,arxiv-preprint-figure,,not-needed
hd-100546,hd-100546_acs2007,images/hd-100546/hd-100546_acs2007.png,Ardila,2007,"ApJ 665, 512",AAS/IOP,green-oa,,2007ApJ...665..512A,publisher-pdf,,not-needed
hd-100546,hd-100546_gpies,images/hd-100546/hd-100546_gpies.png,Esposito,2020,"AJ 160, 24",AAS/IOP,green-oa,2004.13722,2020AJ....160...24E,arxiv-preprint-figure,,not-needed
hd-100546,hd-100546_sphere-ks-rdi,images/hd-100546/hd-100546_sphere-ks-rdi.png,Ren,2023,"A&A 680, A114",EDP Sciences,hybrid,2310.08589,2023A&A...680A.114R,arxiv-preprint-figure,,not-needed
hd-100546,hd-100546_nicmos2001,images/hd-100546/hd-100546_nicmos2001.png,Augereau,2001,"A&A 365, 78",EDP Sciences,hybrid,astro-ph/0009496,2001A&A...365...78A,arxiv-preprint-figure,,not-needed
hd-100546,hd-100546_naco-pippin,images/hd-100546/hd-100546_naco-pippin.png,de Regt,2024,"A&A 684, A73",EDP Sciences,hybrid,2404.02222,2024A&A...684A..73D,arxiv-preprint-figure,,not-needed
hd-100546,hd-100546_alice-f110w,images/hd-100546/hd-100546_alice-f110w.png,Hagan,2018,"AJ 155, 179",AAS/IOP,green-oa,1802.07754,2018AJ....155..179H,archive-product,,not-needed
hd-100546,hd-100546_alma2020,images/hd-100546/hd-100546_alma2020.png,Perez,2020,"ApJL 889, L24",AAS/IOP,green-oa,1906.06305,2020ApJ...889L..24P,arxiv-preprint-figure,,not-needed
hd-100546,hd-100546_sphere-ks-qphi,images/hd-100546/hd-100546_sphere-ks-qphi.png,Ren,2023,"A&A 680, A114",EDP Sciences,hybrid,2310.08589,2023A&A...680A.114R,arxiv-preprint-figure,,not-needed
hd-100546,hd-100546_sphere-rdi-xie22,images/hd-100546/hd-100546_sphere-rdi-xie22.png,Xie,2022,"A&A 666, A32",EDP Sciences,hybrid,2208.07915,2022A&A...666A..32X,arxiv-preprint-figure,,not-needed
hd-100546,hd-100546_mirac2003,images/hd-100546/hd-100546_mirac2003.png,"Liu, W. M.",2003,The Astrophysical Journal Letters,AAS/IOP,green-oa,astro-ph/0310564,2003ApJ...598L.111L,arxiv-preprint-figure,,not-needed
hd-100546,hd-100546_atca2015,images/hd-100546/hd-100546_atca2015.png,Wright,2015,"MNRAS 453, 414",OUP,hybrid,1506.01147,2015MNRAS.453..414W,arxiv-preprint-figure,,not-needed
hd-100546,hd-100546_visir2021,images/hd-100546/hd-100546_visir2021.png,Petit dit de la Roche,2021,A&A,EDP Sciences,hybrid,2102.12506,2021A&A...648A..92P,arxiv-preprint-figure,,not-needed
hd-100546,hd-100546_eris2025,images/hd-100546/hd-100546_eris2025.png,Maio,2025,Astronomy & Astrophysics,EDP Sciences,hybrid,2504.19810,2025A&A...698A..52M,arxiv-preprint-figure,,not-needed
hd-100546,hd-100546_nici2014,images/hd-100546/hd-100546_nici2014.png,Currie,2014,"ApJL 796, L30",AAS/IOP,green-oa,1411.0315,2014ApJ...796L..30C,arxiv-preprint-figure,,not-needed
hd-100546,hd-100546_gpi-currie2015,images/hd-100546/hd-100546_gpi-currie2015.png,Currie,2015,"ApJL 814, L27",AAS/IOP,green-oa,1511.02526,2015ApJ...814L..27C,arxiv-preprint-figure,,not-needed
hd-100546,hd-100546_stis-grady2005,images/hd-100546/hd-100546_stis-grady2005.png,Grady,2005,"ApJ 630, 958",AAS/IOP,green-oa,,2005ApJ...630..958G,publisher-pdf,,not-needed
hd-100546,hd-100546_nicmos-go11155-1um,images/hd-100546/hd-100546_nicmos-go11155-1um.png,Perrin,2009,AAS Meeting 213 (poster),AAS (abstract),green-oa,,2009AAS...21340903P,publisher-pdf,,not-needed
hd-100546,hd-100546_nicmos-go11155-pol2um,images/hd-100546/hd-100546_nicmos-go11155-pol2um.png,Perrin,2009,AAS Meeting 213 (poster),AAS (abstract),green-oa,,2009AAS...21340903P,publisher-pdf,,not-needed
hd-100546,hd-100546_stis-grady2001,images/hd-100546/hd-100546_stis-grady2001.png,Grady,2001,"AJ 122, 3396",AAS/IOP,green-oa,,2001AJ....122.3396G,publisher-pdf,,not-needed
hd-100546,hd-100546_magao-follette2017,images/hd-100546/hd-100546_magao-follette2017.png,Follette,2017,"AJ 153, 264",AAS/IOP,green-oa,1704.06260,2017AJ....153..264F,arxiv-preprint-figure,,not-needed
hd-101584,hd-101584_alma_co21,images/hd-101584/hd-101584_alma_co21.png,Olofsson,2019,A&A,EDP Sciences,hybrid,1902.02153,2019A&A...623A.153O,arxiv-preprint-figure,,not-needed
hd-104860,hd-104860_reasons,images/hd-104860/hd-104860_reasons.png,Matra,2025,"A&A 693, A151",EDP Sciences,hybrid,2501.09058,2025A&A...693A.151M,arxiv-preprint-figure,,not-needed
hd-104860,hd-104860_nicmos-ren2023,images/hd-104860/hd-104860_nicmos-ren2023.png,Ren,2023,"A&A 672, A114",EDP Sciences,hybrid,2302.04273,2023A&A...672A.114R,arxiv-preprint-figure,,not-needed
hd-104860,hd-104860_stis-ren,images/hd-104860/hd-104860_stis-ren.png,Ren,2023,"A&A 672, A114",EDP Sciences,hybrid,2302.04273,2023A&A...672A.114R,arxiv-preprint-figure,,not-needed
hd-104860,hd-104860_nicmos-choquet18,images/hd-104860/hd-104860_nicmos-choquet18.png,Choquet,2018,"ApJ 854, 53",AAS/IOP,green-oa,1801.05424,2018ApJ...854...53C,arxiv-preprint-figure,,not-needed
hd-104860,hd-104860_carma2015,images/hd-104860/hd-104860_carma2015.png,Steele,2015,"ApJ 816, 27 (2016)",AAS/IOP,green-oa,1510.08890,2016ApJ...816...27S,arxiv-preprint-figure,,not-needed
hd-104860,hd-104860_herschel-pacs,images/hd-104860/hd-104860_herschel-pacs.png,Morales,2013,"ApJ 776, 111",AAS/IOP,green-oa,,2013ApJ...776..111M,publisher-pdf,,not-needed
hd-105,hd-105_reasons,images/hd-105/hd-105_reasons.png,Matra,2025,"A&A 693, A151",EDP Sciences,hybrid,2501.09058,2025A&A...693A.151M,arxiv-preprint-figure,,not-needed
hd-105,hd-105_sphere-debris-2025,images/hd-105/hd-105_sphere-debris-2025.png,Engler,2025,"A&A 704, A21",EDP Sciences,hybrid,2512.03128,2025A&A...704A..21E,arxiv-preprint-figure,,not-needed
hd-105,hd-105_alma2018,images/hd-105/hd-105_alma2018.png,Marshall,2018,ApJ,AAS/IOP,green-oa,1811.06440,2018ApJ...869...10M,arxiv-preprint-figure,,not-needed
hd-105,hd-105_alice-f160w,images/hd-105/hd-105_alice-f160w.png,Hagan,2018,"AJ 155, 179",AAS/IOP,green-oa,1802.07754,2018AJ....155..179H,archive-product,,not-needed
hd-105211,hd-105211_reasons,images/hd-105211/hd-105211_reasons.png,Matra,2025,"A&A 693, A151",EDP Sciences,hybrid,2501.09058,2025A&A...693A.151M,arxiv-preprint-figure,,not-needed
hd-105211,hd-105211_herschel-pacs70,images/hd-105211/hd-105211_herschel-pacs70.png,Hengst,2017,"MNRAS 468, 4725",OUP,hybrid,1703.09348,2017MNRAS.468.4725H,arxiv-preprint-figure,,not-needed
hd-10638,hd-10638_reasons,images/hd-10638/hd-10638_reasons.png,Matra,2025,"A&A 693, A151",EDP Sciences,hybrid,2501.09058,2025A&A...693A.151M,arxiv-preprint-figure,,not-needed
hd-10647,hd-10647_reasons,images/hd-10647/hd-10647_reasons.png,Matra,2025,"A&A 693, A151",EDP Sciences,hybrid,2501.09058,2025A&A...693A.151M,arxiv-preprint-figure,,not-needed
hd-10647,hd-10647_arks,images/hd-10647/hd-10647_arks.png,Marino,2026,A&A,EDP Sciences,hybrid,2601.11708,2026A&A...705A.195M,arxiv-preprint-figure,,not-needed
hd-10647,hd-10647_alma2021,images/hd-10647/hd-10647_alma2021.png,Lovell,2021,"MNRAS 506, 1978",OUP,hybrid,2106.05975,2021MNRAS.506.1978L,arxiv-preprint-figure,,not-needed
hd-10647,hd-10647_hst2021,images/hd-10647/hd-10647_hst2021.png,Lovell,2021,MNRAS (10.1093/mnras/stab1678),OUP,hybrid,2106.05975,2021MNRAS.506.1978L,arxiv-preprint-figure,,not-needed
hd-106906,hd-106906_gpies-debris,images/hd-106906/hd-106906_gpies-debris.png,Esposito,2020,"AJ 160, 24",AAS/IOP,green-oa,2004.13722,2020AJ....160...24E,arxiv-preprint-figure,,not-needed
hd-106906,hd-106906_gpi2015,images/hd-106906/hd-106906_gpi2015.png,Kalas,2015,"ApJ 814, 32",AAS/IOP,green-oa,1510.02747,2015ApJ...814...32K,arxiv-preprint-figure,,not-needed
hd-106906,hd-106906_mago2014,images/hd-106906/hd-106906_mago2014.png,Bailey,2014,"ApJL 780, L4",AAS/IOP,green-oa,1312.1265,2014ApJ...780L...4B,arxiv-preprint-figure,,not-needed
hd-106906,hd-106906_reasons,images/hd-106906/hd-106906_reasons.png,Matra,2025,"A&A 693, A151",EDP Sciences,hybrid,2501.09058,2025A&A...693A.151M,arxiv-preprint-figure,,not-needed
hd-106906,hd-106906_sphere-debris-2025,images/hd-106906/hd-106906_sphere-debris-2025.png,Engler,2025,"A&A 704, A21",EDP Sciences,hybrid,2512.03128,2025A&A...704A..21E,arxiv-preprint-figure,,not-needed
hd-106906,hd-106906_gpi-crotts24,images/hd-106906/hd-106906_gpi-crotts24.png,Crotts,2024,"ApJ 961, 245",AAS/IOP,green-oa,2311.14599,2024ApJ...961..245C,arxiv-preprint-figure,,not-needed
hd-106906,hd-106906_jwst-miri-f1140c,images/hd-106906/hd-106906_jwst-miri-f1140c.png,Rouan,2025,A&A (2025),EDP Sciences,hybrid,2504.13679,2025A&A...698A.113R,arxiv-preprint-figure,,not-needed
hd-106906,hd-106906_jwst-miri-f1550c,images/hd-106906/hd-106906_jwst-miri-f1550c.png,Rouan,2025,A&A (2025),EDP Sciences,hybrid,2504.13679,2025A&A...698A.113R,arxiv-preprint-figure,,not-needed
hd-106906,hd-106906_acs2015,images/hd-106906/hd-106906_acs2015.png,Kalas,2015,ApJ,AAS/IOP,green-oa,1510.02747,2015ApJ...814...32K,arxiv-preprint-figure,,not-needed
hd-106906,hd-106906_sphere-rdi-xie22,images/hd-106906/hd-106906_sphere-rdi-xie22.png,Xie,2022,"A&A 666, A32",EDP Sciences,hybrid,2208.07915,2022A&A...666A..32X,arxiv-preprint-figure,,not-needed
hd-106906,hd-106906_visao2016,images/hd-106906/hd-106906_visao2016.png,Wu,2016,"ApJ 823, 24",AAS/IOP,green-oa,1604.06847,2016ApJ...823...24W,arxiv-preprint-figure,,not-needed
hd-106906,hd-106906_zhou2020-wfc3,images/hd-106906/hd-106906_zhou2020-wfc3.png,Zhou,2020,"AJ 159, 140",AAS/IOP,green-oa,2001.08304,2020AJ....159..140Z,arxiv-preprint-figure,,not-needed
hd-107146,hd-107146_reasons,images/hd-107146/hd-107146_reasons.png,Matra,2025,"A&A 693, A151",EDP Sciences,hybrid,2501.09058,2025A&A...693A.151M,arxiv-preprint-figure,,not-needed
hd-107146,hd-107146_alma2015,images/hd-107146/hd-107146_alma2015.png,Ricci,2015,"ApJ 798, 124",AAS/IOP,green-oa,1410.8265,2015ApJ...798..124R,arxiv-preprint-figure,,not-needed
hd-107146,hd-107146_stis-schneider14,images/hd-107146/hd-107146_stis-schneider14.png,Schneider,2014,"AJ 148, 59",AAS/IOP,green-oa,1406.7303,2014AJ....148...59S,arxiv-preprint-figure,,not-needed
hd-107146,hd-107146_arks,images/hd-107146/hd-107146_arks.png,Marino,2026,A&A,EDP Sciences,hybrid,2601.11708,2026A&A...705A.195M,arxiv-preprint-figure,,not-needed
hd-107146,hd-107146_acs2004-f606w,images/hd-107146/hd-107146_acs2004-f606w.png,Ardila,2004,"ApJL 617, L147",AAS/IOP,green-oa,astro-ph/0411422,2004ApJ...617L.147A,arxiv-preprint-figure,,not-needed
hd-107146,hd-107146_acs2004-f814w,images/hd-107146/hd-107146_acs2004-f814w.png,Ardila,2004,"ApJL 617, L147",AAS/IOP,green-oa,astro-ph/0411422,2004ApJ...617L.147A,arxiv-preprint-figure,,not-needed
hd-107146,hd-107146_nicmos2011,images/hd-107146/hd-107146_nicmos2011.png,Ertel,2011,"A&A 533, A132",EDP Sciences,hybrid,1107.1057,2011A&A...533A.132E,arxiv-preprint-figure,,not-needed
hd-107146,hd-107146_alice-f110w,images/hd-107146/hd-107146_alice-f110w.png,Hagan,2018,"AJ 155, 179",AAS/IOP,green-oa,1802.07754,2018AJ....155..179H,archive-product,,not-needed
hd-107146,hd-107146_carma2008,images/hd-107146/hd-107146_carma2008.png,Corder,2008,"ApJ 690, L65 (2009)",AAS/IOP,green-oa,0811.2713,2009ApJ...690L..65C,arxiv-preprint-figure,,not-needed
hd-108015,hd-108015_vlti_pionier,images/hd-108015/hd-108015_vlti_pionier.png,De Prins,2026,A&A,EDP Sciences,hybrid,2605.13445,2026arXiv260513445D,arxiv-preprint-figure,,not-needed
hd-109832,hd-109832_discs,images/hd-109832/hd-109832_discs.png,Hom,2025,"AJ, in press",AAS/IOP,green-oa,2505.02976,2025AJ....170...46H,arxiv-preprint-figure,,not-needed
hd-110058,hd-110058_gpies-debris,images/hd-110058/hd-110058_gpies-debris.png,Esposito,2020,"AJ 160, 24",AAS/IOP,green-oa,2004.13722,2020AJ....160...24E,arxiv-preprint-figure,,not-needed
hd-110058,hd-110058_sphere2023,images/hd-110058/hd-110058_sphere2023.png,Stasevic,2023,"A&A 678, A8",EDP Sciences,hybrid,2308.05613,2023A&A...678A...8S,arxiv-preprint-figure,,not-needed
hd-110058,hd-110058_reasons,images/hd-110058/hd-110058_reasons.png,Matra,2025,"A&A 693, A151",EDP Sciences,hybrid,2501.09058,2025A&A...693A.151M,arxiv-preprint-figure,,not-needed
hd-110058,hd-110058_nicmos-ren2023,images/hd-110058/hd-110058_nicmos-ren2023.png,Ren,2023,"A&A 672, A114",EDP Sciences,hybrid,2302.04273,2023A&A...672A.114R,arxiv-preprint-figure,,not-needed
hd-110058,hd-110058_sphere-debris-2025,images/hd-110058/hd-110058_sphere-debris-2025.png,Engler,2025,"A&A 704, A21",EDP Sciences,hybrid,2512.03128,2025A&A...704A..21E,arxiv-preprint-figure,,not-needed
hd-110058,hd-110058_stis-ren,images/hd-110058/hd-110058_stis-ren.png,Ren,2023,"A&A 672, A114",EDP Sciences,hybrid,2302.04273,2023A&A...672A.114R,arxiv-preprint-figure,,not-needed
hd-110058,hd-110058_gpi-crotts24,images/hd-110058/hd-110058_gpi-crotts24.png,Crotts,2024,"ApJ 961, 245",AAS/IOP,green-oa,2311.14599,2024ApJ...961..245C,arxiv-preprint-figure,,not-needed
hd-110058,hd-110058_gpi-hom24,images/hd-110058/hd-110058_gpi-hom24.png,Hom,2024,MNRAS,OUP,hybrid,2402.00214,2024MNRAS.528.6959H,arxiv-preprint-figure,,not-needed
hd-110058,hd-110058_sphere-rdi-xie22,images/hd-110058/hd-110058_sphere-rdi-xie22.png,Xie,2022,"A&A 666, A32",EDP Sciences,hybrid,2208.07915,2022A&A...666A..32X,arxiv-preprint-figure,,not-needed
hd-111161,hd-111161_gpies-debris,images/hd-111161/hd-111161_gpies-debris.png,Esposito,2020,"AJ 160, 24",AAS/IOP,green-oa,2004.13722,2020AJ....160...24E,arxiv-preprint-figure,,not-needed
hd-111520,hd-111520_gpies-debris,images/hd-111520/hd-111520_gpies-debris.png,Esposito,2020,"AJ 160, 24",AAS/IOP,green-oa,2004.13722,2020AJ....160...24E,arxiv-preprint-figure,,not-needed
hd-111520,hd-111520_reasons,images/hd-111520/hd-111520_reasons.png,Matra,2025,"A&A 693, A151",EDP Sciences,hybrid,2501.09058,2025A&A...693A.151M,arxiv-preprint-figure,,not-needed
hd-111520,hd-111520_sphere-debris-2025,images/hd-111520/hd-111520_sphere-debris-2025.png,Engler,2025,"A&A 704, A21",EDP Sciences,hybrid,2512.03128,2025A&A...704A..21E,arxiv-preprint-figure,,not-needed
hd-111520,hd-111520_gpi-crotts24,images/hd-111520/hd-111520_gpi-crotts24.png,Crotts,2024,"ApJ 961, 245",AAS/IOP,green-oa,2311.14599,2024ApJ...961..245C,arxiv-preprint-figure,,not-needed
hd-111520,hd-111520_gpi-hom24,images/hd-111520/hd-111520_gpi-hom24.png,Hom,2024,MNRAS,OUP,hybrid,2402.00214,2024MNRAS.528.6959H,arxiv-preprint-figure,,not-needed
hd-111520,hd-111520_stis2022,images/hd-111520/hd-111520_stis2022.png,Crotts,2022,ApJ,AAS/IOP,green-oa,2204.11759,2022ApJ...932...23C,arxiv-preprint-figure,,not-needed
hd-111520,hd-111520_sphere-rdi-xie22,images/hd-111520/hd-111520_sphere-rdi-xie22.png,Xie,2022,"A&A 666, A32",EDP Sciences,hybrid,2208.07915,2022A&A...666A..32X,arxiv-preprint-figure,,not-needed
hd-112810,hd-112810_reasons,images/hd-112810/hd-112810_reasons.png,Matra,2025,"A&A 693, A151",EDP Sciences,hybrid,2501.09058,2025A&A...693A.151M,arxiv-preprint-figure,,not-needed
hd-112810,hd-112810_discs,images/hd-112810/hd-112810_discs.png,Hom,2025,"AJ, in press",AAS/IOP,green-oa,2505.02976,2025AJ....170...46H,arxiv-preprint-figure,,not-needed
hd-112810,hd-112810_sphere-debris-2025,images/hd-112810/hd-112810_sphere-debris-2025.png,Engler,2025,"A&A 704, A21",EDP Sciences,hybrid,2512.03128,2025A&A...704A..21E,arxiv-preprint-figure,,not-needed
hd-113337,hd-113337_herschel2019,images/hd-113337/hd-113337_herschel2019.png,Borgniet,2019,A&A,EDP Sciences,hybrid,1905.11156,2019A&A...627A..44B,arxiv-preprint-figure,,not-needed
hd-113556,hd-113556_reasons,images/hd-113556/hd-113556_reasons.png,Matra,2025,"A&A 693, A151",EDP Sciences,hybrid,2501.09058,2025A&A...693A.151M,arxiv-preprint-figure,,not-needed
hd-113766,hd-113766_reasons,images/hd-113766/hd-113766_reasons.png,Matra,2025,"A&A 693, A151",EDP Sciences,hybrid,2501.09058,2025A&A...693A.151M,arxiv-preprint-figure,,not-needed
hd-114082,hd-114082_gpies-debris,images/hd-114082/hd-114082_gpies-debris.png,Esposito,2020,"AJ 160, 24",AAS/IOP,green-oa,2004.13722,2020AJ....160...24E,arxiv-preprint-figure,,not-needed
hd-114082,hd-114082_reasons,images/hd-114082/hd-114082_reasons.png,Matra,2025,"A&A 693, A151",EDP Sciences,hybrid,2501.09058,2025A&A...693A.151M,arxiv-preprint-figure,,not-needed
hd-114082,hd-114082_sphere-debris-2025,images/hd-114082/hd-114082_sphere-debris-2025.png,Engler,2025,"A&A 704, A21",EDP Sciences,hybrid,2512.03128,2025A&A...704A..21E,arxiv-preprint-figure,,not-needed
hd-114082,hd-114082_gpi-crotts24,images/hd-114082/hd-114082_gpi-crotts24.png,Crotts,2024,"ApJ 961, 245",AAS/IOP,green-oa,2311.14599,2024ApJ...961..245C,arxiv-preprint-figure,,not-needed
hd-114082,hd-114082_gpi-hom24,images/hd-114082/hd-114082_gpi-hom24.png,Hom,2024,MNRAS,OUP,hybrid,2402.00214,2024MNRAS.528.6959H,arxiv-preprint-figure,,not-needed
hd-115600,hd-115600_gpies-debris,images/hd-115600/hd-115600_gpies-debris.png,Esposito,2020,"AJ 160, 24",AAS/IOP,green-oa,2004.13722,2020AJ....160...24E,arxiv-preprint-figure,,not-needed
hd-115600,hd-115600_reasons,images/hd-115600/hd-115600_reasons.png,Matra,2025,"A&A 693, A151",EDP Sciences,hybrid,2501.09058,2025A&A...693A.151M,arxiv-preprint-figure,,not-needed
hd-115600,hd-115600_sphere-debris-2025,images/hd-115600/hd-115600_sphere-debris-2025.png,Engler,2025,"A&A 704, A21",EDP Sciences,hybrid,2512.03128,2025A&A...704A..21E,arxiv-preprint-figure,,not-needed
hd-115600,hd-115600_gpi-crotts24,images/hd-115600/hd-115600_gpi-crotts24.png,Crotts,2024,"ApJ 961, 245",AAS/IOP,green-oa,2311.14599,2024ApJ...961..245C,arxiv-preprint-figure,,not-needed
hd-115600,hd-115600_sphere-rdi-xie22,images/hd-115600/hd-115600_sphere-rdi-xie22.png,Xie,2022,"A&A 666, A32",EDP Sciences,hybrid,2208.07915,2022A&A...666A..32X,arxiv-preprint-figure,,not-needed
hd-1160,hd-1160_nici2012,images/hd-1160/hd-1160_nici2012.png,Nielsen,2012,"ApJ 750, 53",AAS/IOP,green-oa,1202.2854,2012ApJ...750...53N,arxiv-preprint-figure,,not-needed
hd-117214,hd-117214_gpies-debris,images/hd-117214/hd-117214_gpies-debris.png,Esposito,2020,"AJ 160, 24",AAS/IOP,green-oa,2004.13722,2020AJ....160...24E,arxiv-preprint-figure,,not-needed
hd-117214,hd-117214_reasons,images/hd-117214/hd-117214_reasons.png,Matra,2025,"A&A 693, A151",EDP Sciences,hybrid,2501.09058,2025A&A...693A.151M,arxiv-preprint-figure,,not-needed
hd-117214,hd-117214_sphere-debris-2025,images/hd-117214/hd-117214_sphere-debris-2025.png,Engler,2025,"A&A 704, A21",EDP Sciences,hybrid,2512.03128,2025A&A...704A..21E,arxiv-preprint-figure,,not-needed
hd-117214,hd-117214_spherez2020,images/hd-117214/hd-117214_spherez2020.png,Engler,2020,A&A,EDP Sciences,hybrid,1911.04793,2020A&A...635A..19E,arxiv-preprint-figure,,not-needed
hd-120326,hd-120326_sphere-debris-2025,images/hd-120326/hd-120326_sphere-debris-2025.png,Engler,2025,"A&A 704, A21",EDP Sciences,hybrid,2512.03128,2025A&A...704A..21E,arxiv-preprint-figure,,not-needed
hd-120326,hd-120326_stis-desgrange,images/hd-120326/hd-120326_stis-desgrange.png,Desgrange,2025,A&A (2025),EDP Sciences,hybrid,2504.15352,2025A&A...698A.183D,arxiv-preprint-figure,,not-needed
hd-120326,hd-120326_sphere-adi,images/hd-120326/hd-120326_sphere-adi.png,Desgrange,2025,A&A (2025),EDP Sciences,hybrid,2504.15352,2025A&A...698A.183D,arxiv-preprint-figure,,not-needed
hd-120326,hd-120326_sphere-rdi-xie22,images/hd-120326/hd-120326_sphere-rdi-xie22.png,Xie,2022,"A&A 666, A32",EDP Sciences,hybrid,2208.07915,2022A&A...666A..32X,arxiv-preprint-figure,,not-needed
hd-121191,hd-121191_reasons,images/hd-121191/hd-121191_reasons.png,Matra,2025,"A&A 693, A151",EDP Sciences,hybrid,2501.09058,2025A&A...693A.151M,arxiv-preprint-figure,,not-needed
hd-121617,hd-121617_reasons,images/hd-121617/hd-121617_reasons.png,Matra,2025,"A&A 693, A151",EDP Sciences,hybrid,2501.09058,2025A&A...693A.151M,arxiv-preprint-figure,,not-needed
hd-121617,hd-121617_arks,images/hd-121617/hd-121617_arks.png,Marino,2026,A&A,EDP Sciences,hybrid,2601.11708,2026A&A...705A.195M,arxiv-preprint-figure,,not-needed
hd-121617,hd-121617_sphere-debris-2025,images/hd-121617/hd-121617_sphere-debris-2025.png,Engler,2025,"A&A 704, A21",EDP Sciences,hybrid,2512.03128,2025A&A...704A..21E,arxiv-preprint-figure,,not-needed
hd-127821,hd-127821_reasons,images/hd-127821/hd-127821_reasons.png,Matra,2025,"A&A 693, A151",EDP Sciences,hybrid,2501.09058,2025A&A...693A.151M,arxiv-preprint-figure,,not-needed
hd-129590,hd-129590_gpies-debris,images/hd-129590/hd-129590_gpies-debris.png,Esposito,2020,"AJ 160, 24",AAS/IOP,green-oa,2004.13722,2020AJ....160...24E,arxiv-preprint-figure,,not-needed
hd-129590,hd-129590_reasons,images/hd-129590/hd-129590_reasons.png,Matra,2025,"A&A 693, A151",EDP Sciences,hybrid,2501.09058,2025A&A...693A.151M,arxiv-preprint-figure,,not-needed
hd-129590,hd-129590_sphere-debris-2025,images/hd-129590/hd-129590_sphere-debris-2025.png,Engler,2025,"A&A 704, A21",EDP Sciences,hybrid,2512.03128,2025A&A...704A..21E,arxiv-preprint-figure,,not-needed
hd-129590,hd-129590_alma2020,images/hd-129590/hd-129590_alma2020.png,Kral,2020,"MNRAS 497, 2811",OUP,hybrid,2005.05841,2020MNRAS.497.2811K,arxiv-preprint-figure,,not-needed
hd-129590,hd-129590_gpi-crotts24,images/hd-129590/hd-129590_gpi-crotts24.png,Crotts,2024,"ApJ 961, 245",AAS/IOP,green-oa,2311.14599,2024ApJ...961..245C,arxiv-preprint-figure,,not-needed
hd-129590,hd-129590_sphere-rdi-xie22,images/hd-129590/hd-129590_sphere-rdi-xie22.png,Xie,2022,"A&A 666, A32",EDP Sciences,hybrid,2208.07915,2022A&A...666A..32X,arxiv-preprint-figure,,not-needed
hd-129590,hd-129590_dikl-klip,images/hd-129590/hd-129590_dikl-klip.png,Ren,2023,"A&A 679, A18",EDP Sciences,hybrid,2308.16912,2023A&A...679A..18R,arxiv-preprint-figure,,not-needed
hd-129590,hd-129590_dikl-dikl,images/hd-129590/hd-129590_dikl-dikl.png,Ren,2023,"A&A 679, A18",EDP Sciences,hybrid,2308.16912,2023A&A...679A..18R,arxiv-preprint-figure,,not-needed
hd-131488,hd-131488_arks,images/hd-131488/hd-131488_arks.png,Marino,2026,A&A,EDP Sciences,hybrid,2601.11708,2026A&A...705A.195M,arxiv-preprint-figure,,not-needed
hd-131488,hd-131488_reasons,images/hd-131488/hd-131488_reasons.png,Matra,2025,"A&A 693, A151",EDP Sciences,hybrid,2501.09058,2025A&A...693A.151M,arxiv-preprint-figure,,not-needed
hd-131488,hd-131488_sphere-debris-2025,images/hd-131488/hd-131488_sphere-debris-2025.png,Engler,2025,"A&A 704, A21",EDP Sciences,hybrid,2512.03128,2025A&A...704A..21E,arxiv-preprint-figure,,not-needed
hd-131488,hd-131488_sphere-rdi-xie22,images/hd-131488/hd-131488_sphere-rdi-xie22.png,Xie,2022,"A&A 666, A32",EDP Sciences,hybrid,2208.07915,2022A&A...666A..32X,arxiv-preprint-figure,,not-needed
hd-131835,hd-131835_reasons,images/hd-131835/hd-131835_reasons.png,Matra,2025,"A&A 693, A151",EDP Sciences,hybrid,2501.09058,2025A&A...693A.151M,arxiv-preprint-figure,,not-needed
hd-131835,hd-131835_gpies-debris,images/hd-131835/hd-131835_gpies-debris.png,Esposito,2020,"AJ 160, 24",AAS/IOP,green-oa,2004.13722,2020AJ....160...24E,arxiv-preprint-figure,,not-needed
hd-131835,hd-131835_arks,images/hd-131835/hd-131835_arks.png,Marino,2026,A&A,EDP Sciences,hybrid,2601.11708,2026A&A...705A.195M,arxiv-preprint-figure,,not-needed
hd-131835,hd-131835_nicmos-ren2023,images/hd-131835/hd-131835_nicmos-ren2023.png,Ren,2023,"A&A 672, A114",EDP Sciences,hybrid,2302.04273,2023A&A...672A.114R,arxiv-preprint-figure,,not-needed
hd-131835,hd-131835_sphere-debris-2025,images/hd-131835/hd-131835_sphere-debris-2025.png,Engler,2025,"A&A 704, A21",EDP Sciences,hybrid,2512.03128,2025A&A...704A..21E,arxiv-preprint-figure,,not-needed
hd-131835,hd-131835_stis-ren,images/hd-131835/hd-131835_stis-ren.png,Ren,2023,"A&A 672, A114",EDP Sciences,hybrid,2302.04273,2023A&A...672A.114R,arxiv-preprint-figure,,not-needed
hd-131835,hd-131835_alma2019,images/hd-131835/hd-131835_alma2019.png,Kral,2019,"MNRAS 489, 3670",OUP,hybrid,1811.08439,2019MNRAS.489.3670K,arxiv-preprint-figure,,not-needed
hd-131835,hd-131835_trecs-11.7um2015,images/hd-131835/hd-131835_trecs-11.7um2015.png,Hung,2015,ApJ,AAS/IOP,green-oa,1502.02035,2015ApJ...802..138H,arxiv-preprint-figure,,not-needed
hd-131835,hd-131835_trecs-18.3um2015,images/hd-131835/hd-131835_trecs-18.3um2015.png,Hung,2015,ApJ,AAS/IOP,green-oa,1502.02035,2015ApJ...802..138H,arxiv-preprint-figure,,not-needed
hd-131835,hd-131835_sphere-rdi-xie22,images/hd-131835/hd-131835_sphere-rdi-xie22.png,Xie,2022,"A&A 666, A32",EDP Sciences,hybrid,2208.07915,2022A&A...666A..32X,arxiv-preprint-figure,,not-needed
hd-135344-a,hd-135344-a_sphere2025,images/hd-135344-a/hd-135344-a_sphere2025.png,Stolker,2025,A&A (2025),EDP Sciences,hybrid,2507.06206,2025A&A...700A..21S,arxiv-preprint-figure,,not-needed
hd-135344-a,hd-135344-a_gravity2025,images/hd-135344-a/hd-135344-a_gravity2025.png,Stolker,2025,A&A (2025),EDP Sciences,hybrid,2507.06206,2025A&A...700A..21S,arxiv-preprint-figure,,not-needed
hd-135344b,hd-135344b_exoalma,images/hd-135344b/hd-135344b_exoalma.png,Curone,2025,ApJL (exoALMA special issue),AAS/IOP,green-oa,2504.18725,2025ApJ...984L...9C,arxiv-preprint-figure,,not-needed
hd-135344b,hd-135344b_seeds2012,images/hd-135344b/hd-135344b_seeds2012.png,Muto,2012,"ApJL 748, L22",AAS/IOP,green-oa,1202.6139,2012ApJ...748L..22M,arxiv-preprint-figure,,not-needed
hd-135344b,hd-135344b_sphere-ks-rdi,images/hd-135344b/hd-135344b_sphere-ks-rdi.png,Ren,2023,"A&A 680, A114",EDP Sciences,hybrid,2310.08589,2023A&A...680A.114R,arxiv-preprint-figure,,not-needed
hd-135344b,hd-135344b_naco-pippin,images/hd-135344b/hd-135344b_naco-pippin.png,de Regt,2024,"A&A 684, A73",EDP Sciences,hybrid,2404.02222,2024A&A...684A..73D,arxiv-preprint-figure,,not-needed
hd-135344b,hd-135344b_stolker2016-r,images/hd-135344b/hd-135344b_stolker2016-r.png,Stolker,2016,"A&A 595, A113",EDP Sciences,hybrid,1603.00481,2016A&A...595A.113S,arxiv-preprint-figure,,not-needed
hd-135344b,hd-135344b_stolker2016-i,images/hd-135344b/hd-135344b_stolker2016-i.png,Stolker,2016,"A&A 595, A113",EDP Sciences,hybrid,1603.00481,2016A&A...595A.113S,arxiv-preprint-figure,,not-needed
hd-135344b,hd-135344b_stolker2016-y,images/hd-135344b/hd-135344b_stolker2016-y.png,Stolker,2016,"A&A 595, A113",EDP Sciences,hybrid,1603.00481,2016A&A...595A.113S,arxiv-preprint-figure,,not-needed
hd-135344b,hd-135344b_stolker2016-j,images/hd-135344b/hd-135344b_stolker2016-j.png,Stolker,2016,"A&A 595, A113",EDP Sciences,hybrid,1603.00481,2016A&A...595A.113S,arxiv-preprint-figure,,not-needed
hd-135344b,hd-135344b_alice-f110w,images/hd-135344b/hd-135344b_alice-f110w.png,Hagan,2018,"AJ 155, 179",AAS/IOP,green-oa,1802.07754,2018AJ....155..179H,archive-product,,not-needed
hd-135344b,hd-135344b_nircam2026,images/hd-135344b/hd-135344b_nircam2026.png,Latour,2026,Astronomy & Astrophysics (submitted/in press),EDP Sciences,hybrid,2606.10624,2026arXiv260610624L,arxiv-preprint-figure,,not-needed
hd-135344b,hd-135344b_sphere-ks-qphi,images/hd-135344b/hd-135344b_sphere-ks-qphi.png,Ren,2023,"A&A 680, A114",EDP Sciences,hybrid,2310.08589,2023A&A...680A.114R,arxiv-preprint-figure,,not-needed
hd-135344b,hd-135344b_exoalma-co,images/hd-135344b/hd-135344b_exoalma-co.png,Teague,2025,ApJL (exoALMA Focus Issue),AAS/IOP,green-oa,2504.18688,2025ApJ...984L...6T,arxiv-preprint-figure,,not-needed
hd-135344b,hd-135344b_stis-grady2005,images/hd-135344b/hd-135344b_stis-grady2005.png,Grady,2005,"ApJ 630, 958",AAS/IOP,green-oa,,2005ApJ...630..958G,publisher-pdf,,not-needed
hd-138813,hd-138813_reasons,images/hd-138813/hd-138813_reasons.png,Matra,2025,"A&A 693, A151",EDP Sciences,hybrid,2501.09058,2025A&A...693A.151M,arxiv-preprint-figure,,not-needed
hd-139614,hd-139614_gemini-lights,images/hd-139614/hd-139614_gemini-lights.png,Rich,2022,"AJ 164, 109",AAS/IOP,green-oa,2206.05815,2022AJ....164..109R,arxiv-preprint-figure,,not-needed
hd-139614,hd-139614_sphere2020-j,images/hd-139614/hd-139614_sphere2020-j.png,Muro-Arena,2020,"A&A 635, A121",EDP Sciences,hybrid,1911.09612,2020A&A...635A.121M,arxiv-preprint-figure,,not-needed
hd-139614,hd-139614_sphere2020-h,images/hd-139614/hd-139614_sphere2020-h.png,Muro-Arena,2020,"A&A 635, A121",EDP Sciences,hybrid,1911.09612,2020A&A...635A.121M,arxiv-preprint-figure,,not-needed
hd-139614,hd-139614_alma2023,images/hd-139614/hd-139614_alma2023.png,Wolfer,2023,"A&A 670, A154",EDP Sciences,hybrid,2208.09494,2023A&A...670A.154W,arxiv-preprint-figure,,not-needed
hd-139664,hd-139664_acs2006,images/hd-139664/hd-139664_acs2006.png,Kalas,2006,"ApJL 637, L57",AAS/IOP,green-oa,astro-ph/0601488,2006ApJ...637L..57K,arxiv-preprint-figure,,not-needed
hd-139664,hd-139664_stis-schneider14,images/hd-139664/hd-139664_stis-schneider14.png,Schneider,2014,"AJ 148, 59",AAS/IOP,green-oa,1406.7303,2014AJ....148...59S,arxiv-preprint-figure,,not-needed
hd-139664,hd-139664_reasons,images/hd-139664/hd-139664_reasons.png,Matra,2025,"A&A 693, A151",EDP Sciences,hybrid,2501.09058,2025A&A...693A.151M,arxiv-preprint-figure,,not-needed
hd-139664,hd-139664_alice-f110w,images/hd-139664/hd-139664_alice-f110w.png,Hagan,2018,"AJ 155, 179",AAS/IOP,green-oa,1802.07754,2018AJ....155..179H,archive-product,,not-needed
hd-14055,hd-14055_arks,images/hd-14055/hd-14055_arks.png,Marino,2026,A&A,EDP Sciences,hybrid,2601.11708,2026A&A...705A.195M,arxiv-preprint-figure,,not-needed
hd-14055,hd-14055_reasons,images/hd-14055/hd-14055_reasons.png,Matra,2025,"A&A 693, A151",EDP Sciences,hybrid,2501.09058,2025A&A...693A.151M,arxiv-preprint-figure,,not-needed
hd-141011,hd-141011_sphere-debris-2025,images/hd-141011/hd-141011_sphere-debris-2025.png,Engler,2025,"A&A 704, A21",EDP Sciences,hybrid,2512.03128,2025A&A...704A..21E,arxiv-preprint-figure,,not-needed
hd-141569,hd-141569_gemini-lights,images/hd-141569/hd-141569_gemini-lights.png,Rich,2022,"AJ 164, 109",AAS/IOP,green-oa,2206.05815,2022AJ....164..109R,arxiv-preprint-figure,,not-needed
hd-141569,hd-141569_acs2003,images/hd-141569/hd-141569_acs2003.png,Clampin,2003,"AJ 126, 385",AAS/IOP,green-oa,astro-ph/0303605,2003AJ....126..385C,arxiv-preprint-figure,,not-needed
hd-141569,hd-141569_gpies,images/hd-141569/hd-141569_gpies.png,Esposito,2020,"AJ 160, 24",AAS/IOP,green-oa,2004.13722,2020AJ....160...24E,arxiv-preprint-figure,,not-needed
hd-141569,hd-141569_nicmos-ren2023,images/hd-141569/hd-141569_nicmos-ren2023.png,Ren,2023,"A&A 672, A114",EDP Sciences,hybrid,2302.04273,2023A&A...672A.114R,arxiv-preprint-figure,,not-needed
hd-141569,hd-141569_sphere-debris-2025,images/hd-141569/hd-141569_sphere-debris-2025.png,Engler,2025,"A&A 704, A21",EDP Sciences,hybrid,2512.03128,2025A&A...704A..21E,arxiv-preprint-figure,,not-needed
hd-141569,hd-141569_stis-ren,images/hd-141569/hd-141569_stis-ren.png,Ren,2023,"A&A 672, A114",EDP Sciences,hybrid,2302.04273,2023A&A...672A.114R,arxiv-preprint-figure,,not-needed
hd-141569,hd-141569_nicmos1999,images/hd-141569/hd-141569_nicmos1999.png,Weinberger,1999,"ApJL 525, L53",AAS/IOP,green-oa,astro-ph/9909097,1999ApJ...525L..53W,arxiv-preprint-figure,,not-needed
hd-141569,hd-141569_alice-f110w,images/hd-141569/hd-141569_alice-f110w.png,Hagan,2018,"AJ 155, 179",AAS/IOP,green-oa,1802.07754,2018AJ....155..179H,archive-product,,not-needed
hd-141569,hd-141569_jwst-nircam,images/hd-141569/hd-141569_jwst-nircam.png,Millar-Blanchaer,2025,"ApJ 994, 199",AAS/IOP,green-oa,,2025ApJ...994..199M,publisher-pdf,,not-needed
hd-141569,hd-141569_sphere-rdi-xie22,images/hd-141569/hd-141569_sphere-rdi-xie22.png,Xie,2022,"A&A 666, A32",EDP Sciences,hybrid,2208.07915,2022A&A...666A..32X,arxiv-preprint-figure,,not-needed
hd-141569,hd-141569_nirc2matryoshka,images/hd-141569/hd-141569_nirc2matryoshka.png,Currie,2016,ApJ,AAS/IOP,green-oa,1602.01219,2016ApJ...819L..26C,arxiv-preprint-figure,,not-needed
hd-141569,hd-141569_nici2015,images/hd-141569/hd-141569_nici2015.png,Biller,2015,"MNRAS 450, 4446",OUP,hybrid,1504.05224,2015MNRAS.450.4446B,arxiv-preprint-figure,,not-needed
hd-141943,hd-141943_nicmos-ren2023,images/hd-141943/hd-141943_nicmos-ren2023.png,Ren,2023,"A&A 672, A114",EDP Sciences,hybrid,2302.04273,2023A&A...672A.114R,arxiv-preprint-figure,,not-needed
hd-141943,hd-141943_sphere-debris-2025,images/hd-141943/hd-141943_sphere-debris-2025.png,Engler,2025,"A&A 704, A21",EDP Sciences,hybrid,2512.03128,2025A&A...704A..21E,arxiv-preprint-figure,,not-needed
hd-141943,hd-141943_stis-ren,images/hd-141943/hd-141943_stis-ren.png,Ren,2023,"A&A 672, A114",EDP Sciences,hybrid,2302.04273,2023A&A...672A.114R,arxiv-preprint-figure,,not-needed
hd-141943,hd-141943_alice-f110w,images/hd-141943/hd-141943_alice-f110w.png,Hagan,2018,"AJ 155, 179",AAS/IOP,green-oa,1802.07754,2018AJ....155..179H,archive-product,,not-needed
hd-141943,nz-lup_gpies-debris,images/nz-lup/nz-lup_gpies-debris.png,Esposito,2020,"AJ 160, 24",AAS/IOP,green-oa,2004.13722,2020AJ....160...24E,arxiv-preprint-figure,,not-needed
hd-141943,nz-lup_sphere2019,images/nz-lup/nz-lup_sphere2019.png,Boccaletti,2019,Astronomy & Astrophysics,EDP Sciences,hybrid,1904.02746,2019A&A...625A..21B,arxiv-preprint-figure,,not-needed
hd-141943,nz-lup_nicmos2014,images/nz-lup/nz-lup_nicmos2014.png,Soummer,2014,"The Astrophysical Journal Letters, 786, L23",AAS/IOP,green-oa,1404.5614,2014ApJ...786L..23S,arxiv-preprint-figure,,not-needed
hd-141943,nz-lup_sphere-rdi-xie22,images/nz-lup/nz-lup_sphere-rdi-xie22.png,Xie,2022,"A&A 666, A32",EDP Sciences,hybrid,2208.07915,2022A&A...666A..32X,arxiv-preprint-figure,,not-needed
hd-142315,hd-142315_reasons,images/hd-142315/hd-142315_reasons.png,Matra,2025,"A&A 693, A151",EDP Sciences,hybrid,2501.09058,2025A&A...693A.151M,arxiv-preprint-figure,,not-needed
hd-142446,hd-142446_reasons,images/hd-142446/hd-142446_reasons.png,Matra,2025,"A&A 693, A151",EDP Sciences,hybrid,2501.09058,2025A&A...693A.151M,arxiv-preprint-figure,,not-needed
hd-142527,hd-142527_gemini-lights,images/hd-142527/hd-142527_gemini-lights.png,Rich,2022,"AJ 164, 109",AAS/IOP,green-oa,2206.05815,2022AJ....164..109R,arxiv-preprint-figure,,not-needed
hd-142527,hd-142527_alma2013,images/hd-142527/hd-142527_alma2013.png,Casassus,2013,"Nature 493, 191",Springer Nature,restrictive,1305.6062,2013Natur.493..191C,arxiv-preprint-figure,Y,not-needed
hd-142527,hd-142527_naco-pippin,images/hd-142527/hd-142527_naco-pippin.png,de Regt,2024,"A&A 684, A73",EDP Sciences,hybrid,2404.02222,2024A&A...684A..73D,arxiv-preprint-figure,,not-needed
hd-142527,hd-142527_seeds,images/hd-142527/hd-142527_seeds.png,Tamura,2016,"Proc. Japan Acad. Ser. B 92, 45",unknown,unknown,,2016PJAB...92...45T,publisher-pdf,,not-needed
hd-142527,hd-142527_gravity2022-shadow,images/hd-142527/hd-142527_gravity2022-shadow.png,Bohn,2022,"A&A 658, A183",EDP Sciences,hybrid,2112.00123,2022A&A...658A.183B,arxiv-preprint-figure,,not-needed
hd-142527,hd-142527_alice-f110w,images/hd-142527/hd-142527_alice-f110w.png,Hagan,2018,"AJ 155, 179",AAS/IOP,green-oa,1802.07754,2018AJ....155..179H,archive-product,,not-needed
hd-142527,hd-142527_gpi-visao2022,images/hd-142527/hd-142527_gpi-visao2022.png,Balmer,2022,AJ,AAS/IOP,green-oa,2206.00687,2022AJ....164...29B,arxiv-preprint-figure,,not-needed
hd-142527,hd-142527_sphere-irdis-qphi,images/hd-142527/hd-142527_sphere-irdis-qphi.png,Hunziker,2021,"A&A 648, A110",EDP Sciences,hybrid,2103.08462,2021A&A...648A.110H,arxiv-preprint-figure,,not-needed
hd-142527,hd-142527_naco-lprime-rameau2012,images/hd-142527/hd-142527_naco-lprime-rameau2012.png,Rameau,2012,"A&A 546, A24",EDP Sciences,hybrid,1208.4557,2012A&A...546A..24R,arxiv-preprint-figure,,not-needed
hd-142527,hd-142527_nicmos-go11155-1um,images/hd-142527/hd-142527_nicmos-go11155-1um.png,Perrin,2009,AAS Meeting 213 (poster),AAS (abstract),green-oa,,2009AAS...21340903P,publisher-pdf,,not-needed
hd-142527,hd-142527_nicmos-go11155-pol2um,images/hd-142527/hd-142527_nicmos-go11155-pol2um.png,Perrin,2009,AAS Meeting 213 (poster),AAS (abstract),green-oa,,2009AAS...21340903P,publisher-pdf,,not-needed
hd-142527,hd-142527_ciao2006,images/hd-142527/hd-142527_ciao2006.png,Fukagawa,2006,"ApJL 636, L153",AAS/IOP,green-oa,,2006ApJ...636L.153F,publisher-pdf,,not-needed
hd-142527,hd-142527_discs-sma,images/hd-142527/hd-142527_discs-sma.png,Öberg,2011,"ApJ 734, 98",AAS/IOP,green-oa,1104.1236,2011ApJ...734...98O,arxiv-preprint-figure,,not-needed
hd-142666,hd-142666_dsharp,images/hd-142666/hd-142666_dsharp.png,Andrews,2018,"ApJL 869, L41",AAS/IOP,green-oa,1812.04040,2018ApJ...869L..41A,arxiv-preprint-figure,,not-needed
hd-142666,hd-142666_gemini-lights,images/hd-142666/hd-142666_gemini-lights.png,Rich,2022,"AJ 164, 109",AAS/IOP,green-oa,2206.05815,2022AJ....164..109R,arxiv-preprint-figure,,not-needed
hd-142666,hd-142666_alice-f110w,images/hd-142666/hd-142666_alice-f110w.png,Hagan,2018,"AJ 155, 179",AAS/IOP,green-oa,1802.07754,2018AJ....155..179H,archive-product,,not-needed
hd-142666,hd-142666_sphere2021,images/hd-142666/hd-142666_sphere2021.png,Garufi,2021,Astronomy & Astrophysics,EDP Sciences,hybrid,2111.07856,2022A&A...658A.137G,arxiv-preprint-figure,,not-needed
hd-143006,hd-143006_dsharp,images/hd-143006/hd-143006_dsharp.png,Andrews,2018,"ApJL 869, L41",AAS/IOP,green-oa,1812.04040,2018ApJ...869L..41A,arxiv-preprint-figure,,not-needed
hd-143006,hd-143006_exoalma,images/hd-143006/hd-143006_exoalma.png,Curone,2025,ApJL (exoALMA special issue),AAS/IOP,green-oa,2504.18725,2025ApJ...984L...9C,arxiv-preprint-figure,,not-needed
hd-143006,hd-143006_sphere-ks-rdi,images/hd-143006/hd-143006_sphere-ks-rdi.png,Ren,2023,"A&A 680, A114",EDP Sciences,hybrid,2310.08589,2023A&A...680A.114R,arxiv-preprint-figure,,not-needed
hd-143006,hd-143006_alice-f110w,images/hd-143006/hd-143006_alice-f110w.png,Hagan,2018,"AJ 155, 179",AAS/IOP,green-oa,1802.07754,2018AJ....155..179H,archive-product,,not-needed
hd-143006,hd-143006_scexao-mullin,images/hd-143006/hd-143006_scexao-mullin.png,Mullin,2026,AJ (2026),AAS/IOP,green-oa,2602.20346,2026AJ....171..241M,arxiv-preprint-figure,,not-needed
hd-143006,hd-143006_sphere2018,images/hd-143006/hd-143006_sphere2018.png,M. Benisty,2018,"A&A 619, A171",EDP Sciences,hybrid,1809.01082,2018A&A...619A.171B,arxiv-preprint-figure,,not-needed
hd-143006,hd-143006_sphere-ks-qphi,images/hd-143006/hd-143006_sphere-ks-qphi.png,Ren,2023,"A&A 680, A114",EDP Sciences,hybrid,2310.08589,2023A&A...680A.114R,arxiv-preprint-figure,,not-needed
hd-143006,hd-143006_exoalma-co,images/hd-143006/hd-143006_exoalma-co.png,Teague,2025,ApJL (exoALMA Focus Issue),AAS/IOP,green-oa,2504.18688,2025ApJ...984L...6T,arxiv-preprint-figure,,not-needed
hd-143675,hd-143675_gpies-debris,images/hd-143675/hd-143675_gpies-debris.png,Esposito,2020,"AJ 160, 24",AAS/IOP,green-oa,2004.13722,2020AJ....160...24E,arxiv-preprint-figure,,not-needed
hd-143811,hd-143811_gpi2025,images/hd-143811/hd-143811_gpi2025.png,Jones,2025,"ApJL 995, L41",AAS/IOP,green-oa,2509.06729,2025ApJ...995L..41J,arxiv-preprint-figure,,not-needed
hd-145560,hd-145560_gpies-debris,images/hd-145560/hd-145560_gpies-debris.png,Esposito,2020,"AJ 160, 24",AAS/IOP,green-oa,2004.13722,2020AJ....160...24E,arxiv-preprint-figure,,not-needed
hd-145560,hd-145560_arks,images/hd-145560/hd-145560_arks.png,Marino,2026,A&A,EDP Sciences,hybrid,2601.11708,2026A&A...705A.195M,arxiv-preprint-figure,,not-needed
hd-145560,hd-145560_reasons,images/hd-145560/hd-145560_reasons.png,Matra,2025,"A&A 693, A151",EDP Sciences,hybrid,2501.09058,2025A&A...693A.151M,arxiv-preprint-figure,,not-needed
hd-145560,hd-145560_sphere-debris-2025,images/hd-145560/hd-145560_sphere-debris-2025.png,Engler,2025,"A&A 704, A21",EDP Sciences,hybrid,2512.03128,2025A&A...704A..21E,arxiv-preprint-figure,,not-needed
hd-145718,hd-145718_gemini-lights,images/hd-145718/hd-145718_gemini-lights.png,Rich,2022,"AJ 164, 109",AAS/IOP,green-oa,2206.05815,2022AJ....164..109R,arxiv-preprint-figure,,not-needed
hd-145718,hd-145718_pionier2020,images/hd-145718/hd-145718_pionier2020.png,Kluska,2020,Astronomy & Astrophysics,EDP Sciences,hybrid,2004.01594,2020A&A...636A.116K,arxiv-preprint-figure,,not-needed
hd-146181,hd-146181_reasons,images/hd-146181/hd-146181_reasons.png,Matra,2025,"A&A 693, A151",EDP Sciences,hybrid,2501.09058,2025A&A...693A.151M,arxiv-preprint-figure,,not-needed
hd-146181,hd-146181_discs,images/hd-146181/hd-146181_discs.png,Hom,2025,"AJ, in press",AAS/IOP,green-oa,2505.02976,2025AJ....170...46H,arxiv-preprint-figure,,not-needed
hd-146181,hd-146181_sphere-debris-2025,images/hd-146181/hd-146181_sphere-debris-2025.png,Engler,2025,"A&A 704, A21",EDP Sciences,hybrid,2512.03128,2025A&A...704A..21E,arxiv-preprint-figure,,not-needed
hd-146897,hd-146897_gpies-debris,images/hd-146897/hd-146897_gpies-debris.png,Esposito,2020,"AJ 160, 24",AAS/IOP,green-oa,2004.13722,2020AJ....160...24E,arxiv-preprint-figure,,not-needed
hd-146897,hd-146897_reasons,images/hd-146897/hd-146897_reasons.png,Matra,2025,"A&A 693, A151",EDP Sciences,hybrid,2501.09058,2025A&A...693A.151M,arxiv-preprint-figure,,not-needed
hd-146897,hd-146897_sphere-debris-2025,images/hd-146897/hd-146897_sphere-debris-2025.png,Engler,2025,"A&A 704, A21",EDP Sciences,hybrid,2512.03128,2025A&A...704A..21E,arxiv-preprint-figure,,not-needed
hd-146897,hd-146897_gpi-crotts24,images/hd-146897/hd-146897_gpi-crotts24.png,Crotts,2024,"ApJ 961, 245",AAS/IOP,green-oa,2311.14599,2024ApJ...961..245C,arxiv-preprint-figure,,not-needed
hd-146897,hd-146897_gpi-hom24,images/hd-146897/hd-146897_gpi-hom24.png,Hom,2024,MNRAS,OUP,hybrid,2402.00214,2024MNRAS.528.6959H,arxiv-preprint-figure,,not-needed
hd-146897,hd-146897_seeds,images/hd-146897/hd-146897_seeds.png,Thalmann,2013,"ApJL 763, L29",AAS/IOP,green-oa,1301.0625,2013ApJ...763L..29T,arxiv-preprint-figure,,not-needed
hd-146897,hd-146897_spherez2017,images/hd-146897/hd-146897_spherez2017.png,N. Engler,2017,"A&A 607, A90 (2017)",EDP Sciences,hybrid,1709.00417,2017A&A...607A..90E,arxiv-preprint-figure,,not-needed
hd-146897,hd-146897_scexao-charis2018,images/hd-146897/hd-146897_scexao-charis2018.png,Goebel,2018,The Astronomical Journal,AAS/IOP,green-oa,1810.09458,2018AJ....156..279G,arxiv-preprint-figure,,not-needed
hd-147137,hd-147137_reasons,images/hd-147137/hd-147137_reasons.png,Matra,2025,"A&A 693, A151",EDP Sciences,hybrid,2501.09058,2025A&A...693A.151M,arxiv-preprint-figure,,not-needed
hd-150193,hd-150193_ciao-fukagawa2003,images/hd-150193/hd-150193_ciao-fukagawa2003.png,Fukagawa,2003,"ApJ 590, L49",AAS/IOP,green-oa,,2003ApJ...590L..49F,publisher-pdf,,not-needed
hd-15115,hd-15115_reasons,images/hd-15115/hd-15115_reasons.png,Matra,2025,"A&A 693, A151",EDP Sciences,hybrid,2501.09058,2025A&A...693A.151M,arxiv-preprint-figure,,not-needed
hd-15115,hd-15115_gpies-debris,images/hd-15115/hd-15115_gpies-debris.png,Esposito,2020,"AJ 160, 24",AAS/IOP,green-oa,2004.13722,2020AJ....160...24E,arxiv-preprint-figure,,not-needed
hd-15115,hd-15115_stis-schneider14,images/hd-15115/hd-15115_stis-schneider14.png,Schneider,2014,"AJ 148, 59",AAS/IOP,green-oa,1406.7303,2014AJ....148...59S,arxiv-preprint-figure,,not-needed
hd-15115,hd-15115_hst2007,images/hd-15115/hd-15115_hst2007.png,Kalas,2007,"ApJL 661, L85",AAS/IOP,green-oa,0704.0645,2007ApJ...661L..85K,arxiv-preprint-figure,,not-needed
hd-15115,hd-15115_arks,images/hd-15115/hd-15115_arks.png,Marino,2026,A&A,EDP Sciences,hybrid,2601.11708,2026A&A...705A.195M,arxiv-preprint-figure,,not-needed
hd-15115,hd-15115_nicmos-ren2023,images/hd-15115/hd-15115_nicmos-ren2023.png,Ren,2023,"A&A 672, A114",EDP Sciences,hybrid,2302.04273,2023A&A...672A.114R,arxiv-preprint-figure,,not-needed
hd-15115,hd-15115_sphere-debris-2025,images/hd-15115/hd-15115_sphere-debris-2025.png,Engler,2025,"A&A 704, A21",EDP Sciences,hybrid,2512.03128,2025A&A...704A..21E,arxiv-preprint-figure,,not-needed
hd-15115,hd-15115_stis-ren,images/hd-15115/hd-15115_stis-ren.png,Ren,2023,"A&A 672, A114",EDP Sciences,hybrid,2302.04273,2023A&A...672A.114R,arxiv-preprint-figure,,not-needed
hd-15115,hd-15115_alma2019,images/hd-15115/hd-15115_alma2019.png,MacGregor,2019,ApJL,AAS/IOP,green-oa,1905.08258,2019ApJ...877L..32M,arxiv-preprint-figure,,not-needed
hd-15115,hd-15115_alice-f110w,images/hd-15115/hd-15115_alice-f110w.png,Hagan,2018,"AJ 155, 179",AAS/IOP,green-oa,1802.07754,2018AJ....155..179H,archive-product,,not-needed
hd-15115,hd-15115_lbti2012,images/hd-15115/hd-15115_lbti2012.png,Rodigas,2012,"ApJ 752, 57",AAS/IOP,green-oa,1203.2619,2012ApJ...752...57R,arxiv-preprint-figure,,not-needed
hd-15115,hd-15115_charis2020-j,images/hd-15115/hd-15115_charis2020-j.png,Lawson,2020,The Astronomical Journal,AAS/IOP,green-oa,2008.00309,2020AJ....160..163L,arxiv-preprint-figure,,not-needed
hd-15115,hd-15115_charis2020-h,images/hd-15115/hd-15115_charis2020-h.png,Lawson,2020,The Astronomical Journal,AAS/IOP,green-oa,2008.00309,2020AJ....160..163L,arxiv-preprint-figure,,not-needed
hd-15115,hd-15115_charis2020-k,images/hd-15115/hd-15115_charis2020-k.png,Lawson,2020,The Astronomical Journal,AAS/IOP,green-oa,2008.00309,2020AJ....160..163L,arxiv-preprint-figure,,not-needed
hd-15115,hd-15115_sphere-rdi-xie22,images/hd-15115/hd-15115_sphere-rdi-xie22.png,Xie,2022,"A&A 666, A32",EDP Sciences,hybrid,2208.07915,2022A&A...666A..32X,arxiv-preprint-figure,,not-needed
hd-15115,hd-15115_nici2014,images/hd-15115/hd-15115_nici2014.png,Mazoyer,2014,"A&A 569, A29",EDP Sciences,hybrid,1409.0710,2014A&A...569A..29M,arxiv-preprint-figure,,not-needed
hd-15115,hd-15115_ircs-sai2014,images/hd-15115/hd-15115_ircs-sai2014.png,Sai,2015,"PASJ 67, 20",OUP,hybrid,1412.4145,2015PASJ...67...20S,arxiv-preprint-figure,,not-needed
hd-15257,hd-15257_arks,images/hd-15257/hd-15257_arks.png,Marino,2026,A&A,EDP Sciences,hybrid,2601.11708,2026A&A...705A.195M,arxiv-preprint-figure,,not-needed
hd-15257,hd-15257_reasons,images/hd-15257/hd-15257_reasons.png,Matra,2025,"A&A 693, A151",EDP Sciences,hybrid,2501.09058,2025A&A...693A.151M,arxiv-preprint-figure,,not-needed
hd-156623,hd-156623_gpies-debris,images/hd-156623/hd-156623_gpies-debris.png,Esposito,2020,"AJ 160, 24",AAS/IOP,green-oa,2004.13722,2020AJ....160...24E,arxiv-preprint-figure,,not-needed
hd-156623,hd-156623_sphere-debris-2025,images/hd-156623/hd-156623_sphere-debris-2025.png,Engler,2025,"A&A 704, A21",EDP Sciences,hybrid,2512.03128,2025A&A...704A..21E,arxiv-preprint-figure,,not-needed
hd-15745,hd-15745_stis-schneider14,images/hd-15745/hd-15745_stis-schneider14.png,Schneider,2014,"AJ 148, 59",AAS/IOP,green-oa,1406.7303,2014AJ....148...59S,arxiv-preprint-figure,,not-needed
hd-15745,hd-15745_reasons,images/hd-15745/hd-15745_reasons.png,Matra,2025,"A&A 693, A151",EDP Sciences,hybrid,2501.09058,2025A&A...693A.151M,arxiv-preprint-figure,,not-needed
hd-15745,hd-15745_nicmos-ren2023,images/hd-15745/hd-15745_nicmos-ren2023.png,Ren,2023,"A&A 672, A114",EDP Sciences,hybrid,2302.04273,2023A&A...672A.114R,arxiv-preprint-figure,,not-needed
hd-15745,hd-15745_stis-ren,images/hd-15745/hd-15745_stis-ren.png,Ren,2023,"A&A 672, A114",EDP Sciences,hybrid,2302.04273,2023A&A...672A.114R,arxiv-preprint-figure,,not-needed
hd-15745,hd-15745_alice-f110w,images/hd-15745/hd-15745_alice-f110w.png,Hagan,2018,"AJ 155, 179",AAS/IOP,green-oa,1802.07754,2018AJ....155..179H,archive-product,,not-needed
hd-15745,hd-15745_acs2007,images/hd-15745/hd-15745_acs2007.png,Kalas,2007,ApJL,AAS/IOP,green-oa,0712.0378,2007ApJ...671L.161K,arxiv-preprint-figure,,not-needed
hd-157587,hd-157587_gpies-debris,images/hd-157587/hd-157587_gpies-debris.png,Esposito,2020,"AJ 160, 24",AAS/IOP,green-oa,2004.13722,2020AJ....160...24E,arxiv-preprint-figure,,not-needed
hd-157587,hd-157587_sphere-debris-2025,images/hd-157587/hd-157587_sphere-debris-2025.png,Engler,2025,"A&A 704, A21",EDP Sciences,hybrid,2512.03128,2025A&A...704A..21E,arxiv-preprint-figure,,not-needed
hd-157587,hd-157587_gpi-crotts24,images/hd-157587/hd-157587_gpi-crotts24.png,Crotts,2024,"ApJ 961, 245",AAS/IOP,green-oa,2311.14599,2024ApJ...961..245C,arxiv-preprint-figure,,not-needed
hd-158352,hd-158352_reasons,images/hd-158352/hd-158352_reasons.png,Matra,2025,"A&A 693, A151",EDP Sciences,hybrid,2501.09058,2025A&A...693A.151M,arxiv-preprint-figure,,not-needed
hd-159492,hd-159492_herschel-pacs,images/hd-159492/hd-159492_herschel-pacs.png,Morales,2013,"ApJ 776, 111",AAS/IOP,green-oa,,2013ApJ...776..111M,publisher-pdf,,not-needed
hd-160305,hd-160305_sphere-debris-2025,images/hd-160305/hd-160305_sphere-debris-2025.png,Engler,2025,"A&A 704, A21",EDP Sciences,hybrid,2512.03128,2025A&A...704A..21E,arxiv-preprint-figure,,not-needed
hd-161868,hd-161868_arks,images/hd-161868/hd-161868_arks.png,Marino,2026,A&A,EDP Sciences,hybrid,2601.11708,2026A&A...705A.195M,arxiv-preprint-figure,,not-needed
hd-161868,hd-161868_reasons,images/hd-161868/hd-161868_reasons.png,Matra,2025,"A&A 693, A151",EDP Sciences,hybrid,2501.09058,2025A&A...693A.151M,arxiv-preprint-figure,,not-needed
hd-161868,hd-161868_jwst-miri2026,images/hd-161868/hd-161868_jwst-miri2026.png,Han,2026,ApJ (accepted),AAS/IOP,green-oa,2601.15285,2026ApJ..1004..182H,arxiv-preprint-figure,,not-needed
hd-163296,hd-163296_dsharp,images/hd-163296/hd-163296_dsharp.png,Andrews,2018,"ApJL 869, L41",AAS/IOP,green-oa,1812.04040,2018ApJ...869L..41A,arxiv-preprint-figure,,not-needed
hd-163296,hd-163296_alma-isella2016,images/hd-163296/hd-163296_alma-isella2016.png,Isella,2016,"PRL 117, 251101",APS,hybrid,,2016PhRvL.117y1101I,publisher-pdf,,not-needed
hd-163296,hd-163296_gemini-lights,images/hd-163296/hd-163296_gemini-lights.png,Rich,2022,"AJ 164, 109",AAS/IOP,green-oa,2206.05815,2022AJ....164..109R,arxiv-preprint-figure,,not-needed
hd-163296,hd-163296_stis2000,images/hd-163296/hd-163296_stis2000.png,Grady,2000,"ApJ 544, 895",AAS/IOP,green-oa,,2000ApJ...544..895G,publisher-pdf,,not-needed
hd-163296,hd-163296_naco-pippin,images/hd-163296/hd-163296_naco-pippin.png,de Regt,2024,"A&A 684, A73",EDP Sciences,hybrid,2404.02222,2024A&A...684A..73D,arxiv-preprint-figure,,not-needed
hd-163296,hd-163296_alice-f110w,images/hd-163296/hd-163296_alice-f110w.png,Hagan,2018,"AJ 155, 179",AAS/IOP,green-oa,1802.07754,2018AJ....155..179H,archive-product,,not-needed
hd-163296,hd-163296_scexao-mullin,images/hd-163296/hd-163296_scexao-mullin.png,Mullin,2026,AJ (2026),AAS/IOP,green-oa,2602.20346,2026AJ....171..241M,arxiv-preprint-figure,,not-needed
hd-163296,hd-163296_sphere2018,images/hd-163296/hd-163296_sphere2018.png,Muro-Arena,2018,Astronomy & Astrophysics,EDP Sciences,hybrid,1802.03328,2018A&A...614A..24M,arxiv-preprint-figure,,not-needed
hd-163296,hd-163296_alma-maps2021,images/hd-163296/hd-163296_alma-maps2021.png,Oberg,2021,"ApJS, 257, 1",AAS/IOP,green-oa,2109.06268,2021ApJS..257....1O,arxiv-preprint-figure,,not-needed
hd-163296,hd-163296_nircam2025,images/hd-163296/hd-163296_nircam2025.png,Uyama,2025,"AJ 169, 287",AAS/IOP,green-oa,2503.20132,2025AJ....169..287U,arxiv-preprint-figure,,not-needed
hd-163296,hd-163296_sma-0.87mm2007,images/hd-163296/hd-163296_sma-0.87mm2007.png,Isella,2007,"A&A, 469, 213",EDP Sciences,hybrid,0704.0616,2007A&A...469..213I,arxiv-preprint-figure,,not-needed
hd-163296,hd-163296_pdbi-1.3mm2007,images/hd-163296/hd-163296_pdbi-1.3mm2007.png,Isella,2007,"A&A, 469, 213",EDP Sciences,hybrid,0704.0616,2007A&A...469..213I,arxiv-preprint-figure,,not-needed
hd-163296,hd-163296_pdbi-2.8mm2007,images/hd-163296/hd-163296_pdbi-2.8mm2007.png,Isella,2007,"A&A, 469, 213",EDP Sciences,hybrid,0704.0616,2007A&A...469..213I,arxiv-preprint-figure,,not-needed
hd-163296,hd-163296_sphere-ks-qphi,images/hd-163296/hd-163296_sphere-ks-qphi.png,Ren,2023,"A&A 680, A114",EDP Sciences,hybrid,2310.08589,2023A&A...680A.114R,arxiv-preprint-figure,,not-needed
hd-163296,hd-163296_muse2020,images/hd-163296/hd-163296_muse2020.png,Xie,2020,"A&A 644, A149",EDP Sciences,hybrid,2011.08043,2020A&A...644A.149X,arxiv-preprint-figure,,not-needed
hd-163296,hd-163296_nirc2vortex2018,images/hd-163296/hd-163296_nirc2vortex2018.png,Guidi,2018,"MNRAS 479, 1505-1513",OUP,hybrid,1806.08263,2018MNRAS.479.1505G,arxiv-preprint-figure,,not-needed
hd-163296,hd-163296_eris2025,images/hd-163296/hd-163296_eris2025.png,Maio,2025,Astronomy & Astrophysics,EDP Sciences,hybrid,2504.19810,2025A&A...698A..52M,arxiv-preprint-figure,,not-needed
hd-163296,hd-163296_hiciao2011,images/hd-163296/hd-163296_hiciao2011.png,Rich,2019,ApJ,AAS/IOP,green-oa,1811.07785,2019ApJ...875...38R,arxiv-preprint-figure,,not-needed
hd-163296,hd-163296_stis2005,images/hd-163296/hd-163296_stis2005.png,Grady,2005,"ApJ 630, 958",AAS/IOP,green-oa,,2005ApJ...630..958G,publisher-pdf,,not-needed
hd-164249,hd-164249_reasons,images/hd-164249/hd-164249_reasons.png,Matra,2025,"A&A 693, A151",EDP Sciences,hybrid,2501.09058,2025A&A...693A.151M,arxiv-preprint-figure,,not-needed
hd-164249,hd-164249_alice-f110w,images/hd-164249/hd-164249_alice-f110w.png,Hagan,2018,"AJ 155, 179",AAS/IOP,green-oa,1802.07754,2018AJ....155..179H,archive-product,,not-needed
hd-16743,hd-16743_reasons,images/hd-16743/hd-16743_reasons.png,Matra,2025,"A&A 693, A151",EDP Sciences,hybrid,2501.09058,2025A&A...693A.151M,arxiv-preprint-figure,,not-needed
hd-16743,hd-16743_sphere-debris-2025,images/hd-16743/hd-16743_sphere-debris-2025.png,Engler,2025,"A&A 704, A21",EDP Sciences,hybrid,2512.03128,2025A&A...704A..21E,arxiv-preprint-figure,,not-needed
hd-16743,hd-16743_nicmos2023,images/hd-16743/hd-16743_nicmos2023.png,Marshall,2023,"MNRAS 521, 5940-5951",OUP,hybrid,2303.17128,2023MNRAS.521.5940M,arxiv-preprint-figure,,not-needed
hd-169142,hd-169142_gemini-lights,images/hd-169142/hd-169142_gemini-lights.png,Rich,2022,"AJ 164, 109",AAS/IOP,green-oa,2206.05815,2022AJ....164..109R,arxiv-preprint-figure,,not-needed
hd-169142,hd-169142_alma2017,images/hd-169142/hd-169142_alma2017.png,Fedele,2017,"A&A 600, A72",EDP Sciences,hybrid,1702.02844,2017A&A...600A..72F,arxiv-preprint-figure,,not-needed
hd-169142,hd-169142_sphere-ks-rdi,images/hd-169142/hd-169142_sphere-ks-rdi.png,Ren,2023,"A&A 680, A114",EDP Sciences,hybrid,2310.08589,2023A&A...680A.114R,arxiv-preprint-figure,,not-needed
hd-169142,hd-169142_naco-pippin,images/hd-169142/hd-169142_naco-pippin.png,de Regt,2024,"A&A 684, A73",EDP Sciences,hybrid,2404.02222,2024A&A...684A..73D,arxiv-preprint-figure,,not-needed
hd-169142,hd-169142_seeds,images/hd-169142/hd-169142_seeds.png,Momose,2015,"PASJ 67, 83",OUP,hybrid,1505.04937,2015PASJ...67...83M,arxiv-preprint-figure,,not-needed
hd-169142,hd-169142_alice-f110w,images/hd-169142/hd-169142_alice-f110w.png,Hagan,2018,"AJ 155, 179",AAS/IOP,green-oa,1802.07754,2018AJ....155..179H,archive-product,,not-needed
hd-169142,hd-169142_sphere-ks-qphi,images/hd-169142/hd-169142_sphere-ks-qphi.png,Ren,2023,"A&A 680, A114",EDP Sciences,hybrid,2310.08589,2023A&A...680A.114R,arxiv-preprint-figure,,not-needed
hd-169142,hd-169142_sphere-rdi-xie22,images/hd-169142/hd-169142_sphere-rdi-xie22.png,Xie,2022,"A&A 666, A32",EDP Sciences,hybrid,2208.07915,2022A&A...666A..32X,arxiv-preprint-figure,,not-needed
hd-169142,hd-169142_visir2021,images/hd-169142/hd-169142_visir2021.png,Petit dit de la Roche,2021,A&A,EDP Sciences,hybrid,2102.12506,2021A&A...648A..92P,arxiv-preprint-figure,,not-needed
hd-169142,hd-169142_macias2019-band3,images/hd-169142/hd-169142_macias2019-band3.png,Macias,2019,"ApJ 881, 159",AAS/IOP,green-oa,1907.07277,2019ApJ...881..159M,arxiv-preprint-figure,,not-needed
hd-169142,hd-169142_dikl-klip,images/hd-169142/hd-169142_dikl-klip.png,Ren,2023,"A&A 679, A18",EDP Sciences,hybrid,2308.16912,2023A&A...679A..18R,arxiv-preprint-figure,,not-needed
hd-169142,hd-169142_dikl-dikl,images/hd-169142/hd-169142_dikl-dikl.png,Ren,2023,"A&A 679, A18",EDP Sciences,hybrid,2308.16912,2023A&A...679A..18R,arxiv-preprint-figure,,not-needed
hd-169142,hd-169142_lucas2025-naco-h,images/hd-169142/hd-169142_lucas2025-naco-h.png,Lucas,2025,"AJ 170, 278",AAS/IOP,green-oa,2509.15323,2025AJ....170..278L,arxiv-preprint-figure,,not-needed
hd-169142,hd-169142_lucas2025-gpi-j,images/hd-169142/hd-169142_lucas2025-gpi-j.png,Lucas,2025,"AJ 170, 278",AAS/IOP,green-oa,2509.15323,2025AJ....170..278L,arxiv-preprint-figure,,not-needed
hd-169142,hd-169142_lucas2025-irdis-j,images/hd-169142/hd-169142_lucas2025-irdis-j.png,Lucas,2025,"AJ 170, 278",AAS/IOP,green-oa,2509.15323,2025AJ....170..278L,arxiv-preprint-figure,,not-needed
hd-169142,hd-169142_lucas2025-zimpol-vbb,images/hd-169142/hd-169142_lucas2025-zimpol-vbb.png,Lucas,2025,"AJ 170, 278",AAS/IOP,green-oa,2509.15323,2025AJ....170..278L,arxiv-preprint-figure,,not-needed
hd-169142,hd-169142_lucas2025-irdis-ks,images/hd-169142/hd-169142_lucas2025-irdis-ks.png,Lucas,2025,"AJ 170, 278",AAS/IOP,green-oa,2509.15323,2025AJ....170..278L,arxiv-preprint-figure,,not-needed
hd-169142,hd-169142_lucas2025-charis-jhk,images/hd-169142/hd-169142_lucas2025-charis-jhk.png,Lucas,2025,"AJ 170, 278",AAS/IOP,green-oa,2509.15323,2025AJ....170..278L,arxiv-preprint-figure,,not-needed
hd-169142,hd-169142_lucas2025-vampires-mbi,images/hd-169142/hd-169142_lucas2025-vampires-mbi.png,Lucas,2025,"AJ 170, 278",AAS/IOP,green-oa,2509.15323,2025AJ....170..278L,arxiv-preprint-figure,,not-needed
hd-170773,hd-170773_reasons,images/hd-170773/hd-170773_reasons.png,Matra,2025,"A&A 693, A151",EDP Sciences,hybrid,2501.09058,2025A&A...693A.151M,arxiv-preprint-figure,,not-needed
hd-170773,hd-170773_arks,images/hd-170773/hd-170773_arks.png,Marino,2026,A&A,EDP Sciences,hybrid,2601.11708,2026A&A...705A.195M,arxiv-preprint-figure,,not-needed
hd-170773,hd-170773_alice-f110w,images/hd-170773/hd-170773_alice-f110w.png,Hagan,2018,"AJ 155, 179",AAS/IOP,green-oa,1802.07754,2018AJ....155..179H,archive-product,,not-needed
hd-170773,hd-170773_herschel2015,images/hd-170773/hd-170773_herschel2015.png,Moor,2015,"MNRAS 447, 577",OUP,hybrid,1411.5829,2015MNRAS.447..577M,arxiv-preprint-figure,,not-needed
hd-170773,hd-170773_scuba2016,images/hd-170773/hd-170773_scuba2016.png,Holland,2017,"MNRAS 470, 3606",OUP,hybrid,1706.01218,2017MNRAS.470.3606H,arxiv-preprint-figure,,not-needed
hd-181327,hd-181327_reasons,images/hd-181327/hd-181327_reasons.png,Matra,2025,"A&A 693, A151",EDP Sciences,hybrid,2501.09058,2025A&A...693A.151M,arxiv-preprint-figure,,not-needed
hd-181327,hd-181327_nicmos2006,images/hd-181327/hd-181327_nicmos2006.png,Schneider,2006,"ApJ 650, 414",AAS/IOP,green-oa,astro-ph/0606213,2006ApJ...650..414S,arxiv-preprint-figure,,not-needed
hd-181327,hd-181327_stis-schneider14,images/hd-181327/hd-181327_stis-schneider14.png,Schneider,2014,"AJ 148, 59",AAS/IOP,green-oa,1406.7303,2014AJ....148...59S,arxiv-preprint-figure,,not-needed
hd-181327,hd-181327_nicmos-ren2023,images/hd-181327/hd-181327_nicmos-ren2023.png,Ren,2023,"A&A 672, A114",EDP Sciences,hybrid,2302.04273,2023A&A...672A.114R,arxiv-preprint-figure,,not-needed
hd-181327,hd-181327_sphere-debris-2025,images/hd-181327/hd-181327_sphere-debris-2025.png,Engler,2025,"A&A 704, A21",EDP Sciences,hybrid,2512.03128,2025A&A...704A..21E,arxiv-preprint-figure,,not-needed
hd-181327,hd-181327_stis-ren,images/hd-181327/hd-181327_stis-ren.png,Ren,2023,"A&A 672, A114",EDP Sciences,hybrid,2302.04273,2023A&A...672A.114R,arxiv-preprint-figure,,not-needed
hd-181327,hd-181327_alma2016,images/hd-181327/hd-181327_alma2016.png,Marino,2016,"MNRAS 460, 2933",OUP,hybrid,1605.05331,2016MNRAS.460.2933M,arxiv-preprint-figure,,not-needed
hd-181327,hd-181327_alice-f110w,images/hd-181327/hd-181327_alice-f110w.png,Hagan,2018,"AJ 155, 179",AAS/IOP,green-oa,1802.07754,2018AJ....155..179H,archive-product,,not-needed
hd-181327,hd-181327_jwst-nirspec,images/hd-181327/hd-181327_jwst-nirspec.png,Xie,2025,Nature (2025),Springer Nature,restrictive,2505.08863,2025Natur.641..608X,arxiv-preprint-figure,Y,not-needed
hd-182681,hd-182681_reasons,images/hd-182681/hd-182681_reasons.png,Matra,2025,"A&A 693, A151",EDP Sciences,hybrid,2501.09058,2025A&A...693A.151M,arxiv-preprint-figure,,not-needed
hd-182681,hd-182681_sphere-debris-2025,images/hd-182681/hd-182681_sphere-debris-2025.png,Engler,2025,"A&A 704, A21",EDP Sciences,hybrid,2512.03128,2025A&A...704A..21E,arxiv-preprint-figure,,not-needed
hd-182681,hd-182681_herschel2015,images/hd-182681/hd-182681_herschel2015.png,Moor,2015,"MNRAS 447, 577",OUP,hybrid,1411.5829,2015MNRAS.447..577M,arxiv-preprint-figure,,not-needed
hd-190073,hd-190073_chara-vlti-ibrahim2023,images/hd-190073/hd-190073_chara-vlti-ibrahim2023.png,Ibrahim,2023,"ApJ 947, 68",AAS/IOP,green-oa,2302.06500,2023ApJ...947...68I,arxiv-preprint-figure,,not-needed
hd-191089,hd-191089_gpies-debris,images/hd-191089/hd-191089_gpies-debris.png,Esposito,2020,"AJ 160, 24",AAS/IOP,green-oa,2004.13722,2020AJ....160...24E,arxiv-preprint-figure,,not-needed
hd-191089,hd-191089_reasons,images/hd-191089/hd-191089_reasons.png,Matra,2025,"A&A 693, A151",EDP Sciences,hybrid,2501.09058,2025A&A...693A.151M,arxiv-preprint-figure,,not-needed
hd-191089,hd-191089_nicmos-ren2023,images/hd-191089/hd-191089_nicmos-ren2023.png,Ren,2023,"A&A 672, A114",EDP Sciences,hybrid,2302.04273,2023A&A...672A.114R,arxiv-preprint-figure,,not-needed
hd-191089,hd-191089_sphere-debris-2025,images/hd-191089/hd-191089_sphere-debris-2025.png,Engler,2025,"A&A 704, A21",EDP Sciences,hybrid,2512.03128,2025A&A...704A..21E,arxiv-preprint-figure,,not-needed
hd-191089,hd-191089_stis-ren,images/hd-191089/hd-191089_stis-ren.png,Ren,2023,"A&A 672, A114",EDP Sciences,hybrid,2302.04273,2023A&A...672A.114R,arxiv-preprint-figure,,not-needed
hd-191089,hd-191089_alice-f110w,images/hd-191089/hd-191089_alice-f110w.png,Hagan,2018,"AJ 155, 179",AAS/IOP,green-oa,1802.07754,2018AJ....155..179H,archive-product,,not-needed
hd-191089,hd-191089_gpi-crotts24,images/hd-191089/hd-191089_gpi-crotts24.png,Crotts,2024,"ApJ 961, 245",AAS/IOP,green-oa,2311.14599,2024ApJ...961..245C,arxiv-preprint-figure,,not-needed
hd-191089,hd-191089_trecs2011,images/hd-191089/hd-191089_trecs2011.png,Churcher,2011,"MNRAS 410, 2",OUP,hybrid,1008.0865,2011MNRAS.410....2C,arxiv-preprint-figure,,not-needed
hd-191089,hd-191089_stis-ren2019,images/hd-191089/hd-191089_stis-ren2019.png,Ren,2019,"ApJ 882, 64",AAS/IOP,green-oa,1908.00006,2019ApJ...882...64R,arxiv-preprint-figure,,not-needed
hd-191089,hd-191089_nicmos-ren2019,images/hd-191089/hd-191089_nicmos-ren2019.png,Ren,2019,"ApJ 882, 64",AAS/IOP,green-oa,1908.00006,2019ApJ...882...64R,arxiv-preprint-figure,,not-needed
hd-191089,hd-191089_gpi-ren2019,images/hd-191089/hd-191089_gpi-ren2019.png,Ren,2019,"ApJ 882, 64",AAS/IOP,green-oa,1908.00006,2019ApJ...882...64R,arxiv-preprint-figure,,not-needed
hd-192758,hd-192758_nicmos-ren2023,images/hd-192758/hd-192758_nicmos-ren2023.png,Ren,2023,"A&A 672, A114",EDP Sciences,hybrid,2302.04273,2023A&A...672A.114R,arxiv-preprint-figure,,not-needed
hd-192758,hd-192758_sphere-debris-2025,images/hd-192758/hd-192758_sphere-debris-2025.png,Engler,2025,"A&A 704, A21",EDP Sciences,hybrid,2512.03128,2025A&A...704A..21E,arxiv-preprint-figure,,not-needed
hd-192758,hd-192758_stis-ren,images/hd-192758/hd-192758_stis-ren.png,Ren,2023,"A&A 672, A114",EDP Sciences,hybrid,2302.04273,2023A&A...672A.114R,arxiv-preprint-figure,,not-needed
hd-192758,hd-192758_nicmos-choquet18,images/hd-192758/hd-192758_nicmos-choquet18.png,Choquet,2018,"ApJ 854, 53",AAS/IOP,green-oa,1801.05424,2018ApJ...854...53C,arxiv-preprint-figure,,not-needed
hd-202628,hd-202628_reasons,images/hd-202628/hd-202628_reasons.png,Matra,2025,"A&A 693, A151",EDP Sciences,hybrid,2501.09058,2025A&A...693A.151M,arxiv-preprint-figure,,not-needed
hd-202628,hd-202628_stis2012,images/hd-202628/hd-202628_stis2012.png,Krist,2012,"AJ 144, 45",AAS/IOP,green-oa,1206.2078,2012AJ....144...45K,arxiv-preprint-figure,,not-needed
hd-202628,hd-202628_herschel2019,images/hd-202628/hd-202628_herschel2019.png,Faramaz,2019,"AJ 158, 162",AAS/IOP,green-oa,1909.04162,2019AJ....158..162F,arxiv-preprint-figure,,not-needed
hd-202917,hd-202917_nicmos-ren2023,images/hd-202917/hd-202917_nicmos-ren2023.png,Ren,2023,"A&A 672, A114",EDP Sciences,hybrid,2302.04273,2023A&A...672A.114R,arxiv-preprint-figure,,not-needed
hd-202917,hd-202917_sphere-debris-2025,images/hd-202917/hd-202917_sphere-debris-2025.png,Engler,2025,"A&A 704, A21",EDP Sciences,hybrid,2512.03128,2025A&A...704A..21E,arxiv-preprint-figure,,not-needed
hd-202917,hd-202917_stis-ren,images/hd-202917/hd-202917_stis-ren.png,Ren,2023,"A&A 672, A114",EDP Sciences,hybrid,2302.04273,2023A&A...672A.114R,arxiv-preprint-figure,,not-needed
hd-202917,hd-202917_alice-f110w,images/hd-202917/hd-202917_alice-f110w.png,Hagan,2018,"AJ 155, 179",AAS/IOP,green-oa,1802.07754,2018AJ....155..179H,archive-product,,not-needed
hd-205674,hd-205674_reasons,images/hd-205674/hd-205674_reasons.png,Matra,2025,"A&A 693, A151",EDP Sciences,hybrid,2501.09058,2025A&A...693A.151M,arxiv-preprint-figure,,not-needed
hd-206893,hd-206893_reasons,images/hd-206893/hd-206893_reasons.png,Matra,2025,"A&A 693, A151",EDP Sciences,hybrid,2501.09058,2025A&A...693A.151M,arxiv-preprint-figure,,not-needed
hd-206893,hd-206893_arks,images/hd-206893/hd-206893_arks.png,Marino,2026,A&A,EDP Sciences,hybrid,2601.11708,2026A&A...705A.195M,arxiv-preprint-figure,,not-needed
hd-206893,hd-206893_alma2020,images/hd-206893/hd-206893_alma2020.png,Marino,2020,"MNRAS 498, 1319",OUP,hybrid,2010.12582,2020MNRAS.498.1319M,arxiv-preprint-figure,,not-needed
hd-206893,hd-206893_sphere2017,images/hd-206893/hd-206893_sphere2017.png,Milli,2017,"A&A 597, L2 (2017)",EDP Sciences,hybrid,1612.00333,2017A&A...597L...2M,arxiv-preprint-figure,,not-needed
hd-206893,hd-206893_gpi2016,images/hd-206893/hd-206893_gpi2016.png,Ward-Duong,2020,ApJ,AAS/IOP,green-oa,2010.10546,2021AJ....161....5W,arxiv-preprint-figure,,not-needed
hd-207129,hd-207129_reasons,images/hd-207129/hd-207129_reasons.png,Matra,2025,"A&A 693, A151",EDP Sciences,hybrid,2501.09058,2025A&A...693A.151M,arxiv-preprint-figure,,not-needed
hd-207129,hd-207129_acs2010,images/hd-207129/hd-207129_acs2010.png,Krist,2010,"AJ 140, 1051",AAS/IOP,green-oa,1008.2793,2010AJ....140.1051K,arxiv-preprint-figure,,not-needed
hd-207129,hd-207129_stis2016,images/hd-207129/hd-207129_stis2016.png,Schneider,2016,"AJ 152, 64",AAS/IOP,green-oa,1606.00039,2016AJ....152...64S,arxiv-preprint-figure,,not-needed
hd-207129,hd-207129_herschel2011,images/hd-207129/hd-207129_herschel2011.png,Marshall,2011,"A&A 529, A117",EDP Sciences,hybrid,1104.3560,2011A&A...529A.117M,arxiv-preprint-figure,,not-needed
hd-216956c,hd-216956c_reasons,images/hd-216956c/hd-216956c_reasons.png,Matra,2025,"A&A 693, A151",EDP Sciences,hybrid,2501.09058,2025A&A...693A.151M,arxiv-preprint-figure,,not-needed
hd-216956c,hd-216956c_jwst2024,images/hd-216956c/hd-216956c_jwst2024.png,Lawson,2024,ApJL (2024),AAS/IOP,green-oa,2405.00573,2024ApJ...967L...8L,arxiv-preprint-figure,,not-needed
hd-216956c,hd-216956c_alma2021,images/hd-216956c/hd-216956c_alma2021.png,Cronin-Coltsmann,2021,"MNRAS 504, 4497",OUP,hybrid,2104.13396,2021MNRAS.504.4497C,arxiv-preprint-figure,,not-needed
hd-21997,hd-21997_reasons,images/hd-21997/hd-21997_reasons.png,Matra,2025,"A&A 693, A151",EDP Sciences,hybrid,2501.09058,2025A&A...693A.151M,arxiv-preprint-figure,,not-needed
hd-22049,hd-22049_reasons,images/hd-22049/hd-22049_reasons.png,Matra,2025,"A&A 693, A151",EDP Sciences,hybrid,2501.09058,2025A&A...693A.151M,arxiv-preprint-figure,,not-needed
hd-294260,hd-294260_destinys-orion,images/hd-294260/hd-294260_destinys-orion.png,Valegard,2024,"A&A 685, A54",EDP Sciences,hybrid,2403.02156,2024A&A...685A..54V,arxiv-preprint-figure,,not-needed
hd-294268,hd-294268_destinys-orion,images/hd-294268/hd-294268_destinys-orion.png,Valegard,2024,"A&A 685, A54",EDP Sciences,hybrid,2403.02156,2024A&A...685A..54V,arxiv-preprint-figure,,not-needed
hd-30447,hd-30447_gpies-debris,images/hd-30447/hd-30447_gpies-debris.png,Esposito,2020,"AJ 160, 24",AAS/IOP,green-oa,2004.13722,2020AJ....160...24E,arxiv-preprint-figure,,not-needed
hd-30447,hd-30447_nicmos-ren2023,images/hd-30447/hd-30447_nicmos-ren2023.png,Ren,2023,"A&A 672, A114",EDP Sciences,hybrid,2302.04273,2023A&A...672A.114R,arxiv-preprint-figure,,not-needed
hd-30447,hd-30447_sphere-debris-2025,images/hd-30447/hd-30447_sphere-debris-2025.png,Engler,2025,"A&A 704, A21",EDP Sciences,hybrid,2512.03128,2025A&A...704A..21E,arxiv-preprint-figure,,not-needed
hd-30447,hd-30447_stis-ren,images/hd-30447/hd-30447_stis-ren.png,Ren,2023,"A&A 672, A114",EDP Sciences,hybrid,2302.04273,2023A&A...672A.114R,arxiv-preprint-figure,,not-needed
hd-30447,hd-30447_alice-f110w,images/hd-30447/hd-30447_alice-f110w.png,Hagan,2018,"AJ 155, 179",AAS/IOP,green-oa,1802.07754,2018AJ....155..179H,archive-product,,not-needed
hd-32297,hd-32297_reasons,images/hd-32297/hd-32297_reasons.png,Matra,2025,"A&A 693, A151",EDP Sciences,hybrid,2501.09058,2025A&A...693A.151M,arxiv-preprint-figure,,not-needed
hd-32297,hd-32297_gpies-debris,images/hd-32297/hd-32297_gpies-debris.png,Esposito,2020,"AJ 160, 24",AAS/IOP,green-oa,2004.13722,2020AJ....160...24E,arxiv-preprint-figure,,not-needed
hd-32297,hd-32297_stis2005,images/hd-32297/hd-32297_stis2005.png,Schneider,2005,"ApJL 629, L117",AAS/IOP,green-oa,astro-ph/0507355,2005ApJ...629L.117S,arxiv-preprint-figure,,not-needed
hd-32297,hd-32297_stis-schneider14,images/hd-32297/hd-32297_stis-schneider14.png,Schneider,2014,"AJ 148, 59",AAS/IOP,green-oa,1406.7303,2014AJ....148...59S,arxiv-preprint-figure,,not-needed
hd-32297,hd-32297_arks,images/hd-32297/hd-32297_arks.png,Marino,2026,A&A,EDP Sciences,hybrid,2601.11708,2026A&A...705A.195M,arxiv-preprint-figure,,not-needed
hd-32297,hd-32297_nicmos-ren2023,images/hd-32297/hd-32297_nicmos-ren2023.png,Ren,2023,"A&A 672, A114",EDP Sciences,hybrid,2302.04273,2023A&A...672A.114R,arxiv-preprint-figure,,not-needed
hd-32297,hd-32297_sphere-debris-2025,images/hd-32297/hd-32297_sphere-debris-2025.png,Engler,2025,"A&A 704, A21",EDP Sciences,hybrid,2512.03128,2025A&A...704A..21E,arxiv-preprint-figure,,not-needed
hd-32297,hd-32297_stis-ren,images/hd-32297/hd-32297_stis-ren.png,Ren,2023,"A&A 672, A114",EDP Sciences,hybrid,2302.04273,2023A&A...672A.114R,arxiv-preprint-figure,,not-needed
hd-32297,hd-32297_alma2018,images/hd-32297/hd-32297_alma2018.png,MacGregor,2018,"ApJ 869, 75",AAS/IOP,green-oa,1812.05610,2018ApJ...869...75M,arxiv-preprint-figure,,not-needed
hd-32297,hd-32297_alice-f110w,images/hd-32297/hd-32297_alice-f110w.png,Hagan,2018,"AJ 155, 179",AAS/IOP,green-oa,1802.07754,2018AJ....155..179H,archive-product,,not-needed
hd-32297,hd-32297_gpi-crotts24-j,images/hd-32297/hd-32297_gpi-crotts24-j.png,Crotts,2024,"ApJ 961, 245",AAS/IOP,green-oa,2311.14599,2024ApJ...961..245C,arxiv-preprint-figure,,not-needed
hd-32297,hd-32297_gpi-crotts24-h,images/hd-32297/hd-32297_gpi-crotts24-h.png,Crotts,2024,"ApJ 961, 245",AAS/IOP,green-oa,2311.14599,2024ApJ...961..245C,arxiv-preprint-figure,,not-needed
hd-32297,hd-32297_gpi-crotts24-k1,images/hd-32297/hd-32297_gpi-crotts24-k1.png,Crotts,2024,"ApJ 961, 245",AAS/IOP,green-oa,2311.14599,2024ApJ...961..245C,arxiv-preprint-figure,,not-needed
hd-32297,hd-32297_lbti2014,images/hd-32297/hd-32297_lbti2014.png,Rodigas,2014,"ApJ 783, 21",AAS/IOP,green-oa,1401.3343,2014ApJ...783...21R,arxiv-preprint-figure,,not-needed
hd-32297,hd-32297_gpi-hom24,images/hd-32297/hd-32297_gpi-hom24.png,Hom,2024,MNRAS,OUP,hybrid,2402.00214,2024MNRAS.528.6959H,arxiv-preprint-figure,,not-needed
hd-32297,hd-32297_alma-co2019,images/hd-32297/hd-32297_alma-co2019.png,Moor,2019,"ApJ 884, 108",AAS/IOP,green-oa,1908.09685,2019ApJ...884..108M,arxiv-preprint-figure,,not-needed
hd-32297,hd-32297_hiciao-pdi2014,images/hd-32297/hd-32297_hiciao-pdi2014.png,Asensio-Torres,2016,"A&A 593, A73",EDP Sciences,hybrid,1605.03984,2016A&A...593A..73A,arxiv-preprint-figure,,not-needed
hd-32297,hd-32297_nirc2-2012,images/hd-32297/hd-32297_nirc2-2012.png,Currie,2012,"ApJ 757, 28",AAS/IOP,green-oa,1206.4688,2012ApJ...757...28C,arxiv-preprint-figure,,not-needed
hd-32297,hd-32297_carma2008,images/hd-32297/hd-32297_carma2008.png,Maness,2008,"ApJL 686, L25",AAS/IOP,green-oa,0808.3582,2008ApJ...686L..25M,arxiv-preprint-figure,,not-needed
hd-33632-a,hd-33632-a_scexao2020,images/hd-33632-a/hd-33632-a_scexao2020.png,Currie,2020,"ApJL 904, L25",AAS/IOP,green-oa,2011.08855,2020ApJ...904L..25C,arxiv-preprint-figure,,not-needed
hd-34282,hd-34282_exoalma,images/hd-34282/hd-34282_exoalma.png,Curone,2025,ApJL (exoALMA special issue),AAS/IOP,green-oa,2504.18725,2025ApJ...984L...9C,arxiv-preprint-figure,,not-needed
hd-34282,hd-34282_sphere-ks-rdi,images/hd-34282/hd-34282_sphere-ks-rdi.png,Ren,2023,"A&A 680, A114",EDP Sciences,hybrid,2310.08589,2023A&A...680A.114R,arxiv-preprint-figure,,not-needed
hd-34282,hd-34282_keck-vortex-2024,images/hd-34282/hd-34282_keck-vortex-2024.png,Wallack,2024,"AJ 168, 78",AAS/IOP,green-oa,2408.04048,2024AJ....168...78W,arxiv-preprint-figure,,not-needed
hd-34282,hd-34282_sphere-ks-qphi,images/hd-34282/hd-34282_sphere-ks-qphi.png,Ren,2023,"A&A 680, A114",EDP Sciences,hybrid,2310.08589,2023A&A...680A.114R,arxiv-preprint-figure,,not-needed
hd-34282,hd-34282_sphere-rdi-xie22,images/hd-34282/hd-34282_sphere-rdi-xie22.png,Xie,2022,"A&A 666, A32",EDP Sciences,hybrid,2208.07915,2022A&A...666A..32X,arxiv-preprint-figure,,not-needed
hd-34282,hd-34282_alma2026-b3,images/hd-34282/hd-34282_alma2026-b3.png,Ma,2026,arXiv preprint (2026),arXiv preprint,preprint,2603.06992,2026ApJ..1001..124M,arxiv-preprint-figure,,not-needed
hd-34282,hd-34282_exoalma-co,images/hd-34282/hd-34282_exoalma-co.png,Teague,2025,ApJL (exoALMA Focus Issue),AAS/IOP,green-oa,2504.18688,2025ApJ...984L...6T,arxiv-preprint-figure,,not-needed
hd-34700,hd-34700_gpi2019,images/hd-34700/hd-34700_gpi2019.png,Monnier,2019,"ApJ 872, 122",AAS/IOP,green-oa,1901.02467,2019ApJ...872..122M,arxiv-preprint-figure,,not-needed
hd-34700,hd-34700_gemini-lights,images/hd-34700/hd-34700_gemini-lights.png,Rich,2022,"AJ 164, 109",AAS/IOP,green-oa,2206.05815,2022AJ....164..109R,arxiv-preprint-figure,,not-needed
hd-34700,hd-34700_gemini-lights-j,images/hd-34700/hd-34700_gemini-lights-j.png,Rich,2022,"AJ 164, 109",AAS/IOP,green-oa,2206.05815,2022AJ....164..109R,arxiv-preprint-figure,,not-needed
hd-34700,hd-34700_scexao2023,images/hd-34700/hd-34700_scexao2023.png,Columba,2024,"A&A 681, A19",EDP Sciences,hybrid,2310.16873,2024A&A...681A..19C,arxiv-preprint-figure,,not-needed
hd-34700,hd-34700_lbti2024,images/hd-34700/hd-34700_lbti2024.png,Columba,2024,A&A,EDP Sciences,hybrid,2310.16873,2024A&A...681A..19C,arxiv-preprint-figure,,not-needed
hd-34700,hd-34700_uyama2020-j,images/hd-34700/hd-34700_uyama2020-j.png,Uyama,2020,"ApJ 900, 135",AAS/IOP,green-oa,2007.11655,2020ApJ...900..135U,arxiv-preprint-figure,,not-needed
hd-34700,hd-34700_uyama2020-h,images/hd-34700/hd-34700_uyama2020-h.png,Uyama,2020,"ApJ 900, 135",AAS/IOP,green-oa,2007.11655,2020ApJ...900..135U,arxiv-preprint-figure,,not-needed
hd-34700,hd-34700_uyama2020-k,images/hd-34700/hd-34700_uyama2020-k.png,Uyama,2020,"ApJ 900, 135",AAS/IOP,green-oa,2007.11655,2020ApJ...900..135U,arxiv-preprint-figure,,not-needed
hd-34700,hd-34700_sma2020,images/hd-34700/hd-34700_sma2020.png,Benac,2020,"ApJ 905, 120",AAS/IOP,green-oa,2011.03489,2020ApJ...905..120B,arxiv-preprint-figure,,not-needed
hd-34700,hd-34700_chen2024-j,images/hd-34700/hd-34700_chen2024-j.png,Chen,2024,"MNRAS 533, 2473",OUP,hybrid,2408.09038,2024MNRAS.533.2473C,arxiv-preprint-figure,,not-needed
hd-34700,hd-34700_chen2024-h,images/hd-34700/hd-34700_chen2024-h.png,Chen,2024,"MNRAS 533, 2473",OUP,hybrid,2408.09038,2024MNRAS.533.2473C,arxiv-preprint-figure,,not-needed
hd-34700,hd-34700_chen2024-k,images/hd-34700/hd-34700_chen2024-k.png,Chen,2024,"MNRAS 533, 2473",OUP,hybrid,2408.09038,2024MNRAS.533.2473C,arxiv-preprint-figure,,not-needed
hd-34700,hd-34700_stadler2026-zimpol,images/hd-34700/hd-34700_stadler2026-zimpol.png,Stadler,2026,"A&A 707, A160",EDP Sciences,hybrid,2601.15262,2026A&A...707A.160S,arxiv-preprint-figure,,not-needed
hd-34700,hd-34700_stadler2026-alma,images/hd-34700/hd-34700_stadler2026-alma.png,Stadler,2026,"A&A 707, A160",EDP Sciences,hybrid,2601.15262,2026A&A...707A.160S,arxiv-preprint-figure,,not-needed
hd-34700,hd-34700_stadler2026-12co,images/hd-34700/hd-34700_stadler2026-12co.png,Stadler,2026,"A&A 707, A160",EDP Sciences,hybrid,2601.15262,2026A&A...707A.160S,arxiv-preprint-figure,,not-needed
hd-34700,hd-34700_stadler2026-13co,images/hd-34700/hd-34700_stadler2026-13co.png,Stadler,2026,"A&A 707, A160",EDP Sciences,hybrid,2601.15262,2026A&A...707A.160S,arxiv-preprint-figure,,not-needed
hd-34700,hd-34700_stadler2026-c18o,images/hd-34700/hd-34700_stadler2026-c18o.png,Stadler,2026,"A&A 707, A160",EDP Sciences,hybrid,2601.15262,2026A&A...707A.160S,arxiv-preprint-figure,,not-needed
hd-35650,hd-35650_alice,images/hd-35650/hd-35650_alice.png,Choquet,2016,"ApJL 817, L2",AAS/IOP,green-oa,1512.02220,2016ApJ...817L...2C,archive-product,,not-needed
hd-35650,hd-35650_nicmos-ren2023,images/hd-35650/hd-35650_nicmos-ren2023.png,Ren,2023,"A&A 672, A114",EDP Sciences,hybrid,2302.04273,2023A&A...672A.114R,arxiv-preprint-figure,,not-needed
hd-35650,hd-35650_stis-ren,images/hd-35650/hd-35650_stis-ren.png,Ren,2023,"A&A 672, A114",EDP Sciences,hybrid,2302.04273,2023A&A...672A.114R,arxiv-preprint-figure,,not-needed
hd-35841,hd-35841_gpies-debris,images/hd-35841/hd-35841_gpies-debris.png,Esposito,2020,"AJ 160, 24",AAS/IOP,green-oa,2004.13722,2020AJ....160...24E,arxiv-preprint-figure,,not-needed
hd-35841,hd-35841_reasons,images/hd-35841/hd-35841_reasons.png,Matra,2025,"A&A 693, A151",EDP Sciences,hybrid,2501.09058,2025A&A...693A.151M,arxiv-preprint-figure,,not-needed
hd-35841,hd-35841_nicmos-ren2023,images/hd-35841/hd-35841_nicmos-ren2023.png,Ren,2023,"A&A 672, A114",EDP Sciences,hybrid,2302.04273,2023A&A...672A.114R,arxiv-preprint-figure,,not-needed
hd-35841,hd-35841_sphere-debris-2025,images/hd-35841/hd-35841_sphere-debris-2025.png,Engler,2025,"A&A 704, A21",EDP Sciences,hybrid,2512.03128,2025A&A...704A..21E,arxiv-preprint-figure,,not-needed
hd-35841,hd-35841_stis-ren,images/hd-35841/hd-35841_stis-ren.png,Ren,2023,"A&A 672, A114",EDP Sciences,hybrid,2302.04273,2023A&A...672A.114R,arxiv-preprint-figure,,not-needed
hd-35841,hd-35841_alice-f110w,images/hd-35841/hd-35841_alice-f110w.png,Hagan,2018,"AJ 155, 179",AAS/IOP,green-oa,1802.07754,2018AJ....155..179H,archive-product,,not-needed
hd-35841,hd-35841_gpi-crotts24,images/hd-35841/hd-35841_gpi-crotts24.png,Crotts,2024,"ApJ 961, 245",AAS/IOP,green-oa,2311.14599,2024ApJ...961..245C,arxiv-preprint-figure,,not-needed
hd-35841,hd-35841_gpi-hom24,images/hd-35841/hd-35841_gpi-hom24.png,Hom,2024,MNRAS,OUP,hybrid,2402.00214,2024MNRAS.528.6959H,arxiv-preprint-figure,,not-needed
hd-36546,hd-36546_reasons,images/hd-36546/hd-36546_reasons.png,Matra,2025,"A&A 693, A151",EDP Sciences,hybrid,2501.09058,2025A&A...693A.151M,arxiv-preprint-figure,,not-needed
hd-36546,hd-36546_sphere-debris-2025,images/hd-36546/hd-36546_sphere-debris-2025.png,Engler,2025,"A&A 704, A21",EDP Sciences,hybrid,2512.03128,2025A&A...704A..21E,arxiv-preprint-figure,,not-needed
hd-36546,hd-36546_scexao2021,images/hd-36546/hd-36546_scexao2021.png,Lawson,2021,AJ,AAS/IOP,green-oa,2109.08984,2021AJ....162..293L,arxiv-preprint-figure,,not-needed
hd-36968,hd-36968_sphere-debris-2025,images/hd-36968/hd-36968_sphere-debris-2025.png,Engler,2025,"A&A 704, A21",EDP Sciences,hybrid,2512.03128,2025A&A...704A..21E,arxiv-preprint-figure,,not-needed
hd-377,hd-377_alice,images/hd-377/hd-377_alice.png,Choquet,2016,"ApJL 817, L2",AAS/IOP,green-oa,1512.02220,2016ApJ...817L...2C,archive-product,,not-needed
hd-377,hd-377_nicmos-ren2023,images/hd-377/hd-377_nicmos-ren2023.png,Ren,2023,"A&A 672, A114",EDP Sciences,hybrid,2302.04273,2023A&A...672A.114R,arxiv-preprint-figure,,not-needed
hd-377,hd-377_sphere-debris-2025,images/hd-377/hd-377_sphere-debris-2025.png,Engler,2025,"A&A 704, A21",EDP Sciences,hybrid,2512.03128,2025A&A...704A..21E,arxiv-preprint-figure,,not-needed
hd-377,hd-377_stis-ren,images/hd-377/hd-377_stis-ren.png,Ren,2023,"A&A 672, A114",EDP Sciences,hybrid,2302.04273,2023A&A...672A.114R,arxiv-preprint-figure,,not-needed
hd-377,hd-377_alice-f110w,images/hd-377/hd-377_alice-f110w.png,Hagan,2018,"AJ 155, 179",AAS/IOP,green-oa,1802.07754,2018AJ....155..179H,archive-product,,not-needed
hd-377,hd-377_sma2016,images/hd-377/hd-377_sma2016.png,Steele,2015,ApJ (accepted Oct 2015),AAS/IOP,green-oa,1510.08890,2016ApJ...816...27S,arxiv-preprint-figure,,not-needed
hd-38206,hd-38206_reasons,images/hd-38206/hd-38206_reasons.png,Matra,2025,"A&A 693, A151",EDP Sciences,hybrid,2501.09058,2025A&A...693A.151M,arxiv-preprint-figure,,not-needed
hd-38206,hd-38206_sphere-debris-2025,images/hd-38206/hd-38206_sphere-debris-2025.png,Engler,2025,"A&A 704, A21",EDP Sciences,hybrid,2512.03128,2025A&A...704A..21E,arxiv-preprint-figure,,not-needed
hd-38397,hd-38397_sphere-debris-2025,images/hd-38397/hd-38397_sphere-debris-2025.png,Engler,2025,"A&A 704, A21",EDP Sciences,hybrid,2512.03128,2025A&A...704A..21E,arxiv-preprint-figure,,not-needed
hd-38858,hd-38858_reasons,images/hd-38858/hd-38858_reasons.png,Matra,2025,"A&A 693, A151",EDP Sciences,hybrid,2501.09058,2025A&A...693A.151M,arxiv-preprint-figure,,not-needed
hd-44179,hd-44179_alma_09mm,images/hd-44179/hd-44179_alma_09mm.png,Alcolea,2024,IAU Symposium 384 Proceedings,unknown,unknown,2311.16734,2023arXiv231116734A,arxiv-preprint-figure,,not-needed
hd-45677,hd-45677_gemini-lights,images/hd-45677/hd-45677_gemini-lights.png,Rich,2022,"AJ 164, 109",AAS/IOP,green-oa,2206.05815,2022AJ....164..109R,arxiv-preprint-figure,,not-needed
hd-45677,hd-45677_matisse2021,images/hd-45677/hd-45677_matisse2021.png,Hofmann,2022,Astronomy & Astrophysics,EDP Sciences,hybrid,2111.12458,2022A&A...658A..81H,arxiv-preprint-figure,,not-needed
hd-45677,hd-45677_pionier2020,images/hd-45677/hd-45677_pionier2020.png,Kluska,2020,Astronomy & Astrophysics,EDP Sciences,hybrid,2004.01594,2020A&A...636A.116K,arxiv-preprint-figure,,not-needed
hd-48682,hd-48682_reasons,images/hd-48682/hd-48682_reasons.png,Matra,2025,"A&A 693, A151",EDP Sciences,hybrid,2501.09058,2025A&A...693A.151M,arxiv-preprint-figure,,not-needed
hd-50138,hd-50138_gemini-lights,images/hd-50138/hd-50138_gemini-lights.png,Rich,2022,"AJ 164, 109",AAS/IOP,green-oa,2206.05815,2022AJ....164..109R,arxiv-preprint-figure,,not-needed
hd-50571,hd-50571_reasons,images/hd-50571/hd-50571_reasons.png,Matra,2025,"A&A 693, A151",EDP Sciences,hybrid,2501.09058,2025A&A...693A.151M,arxiv-preprint-figure,,not-needed
hd-50571,hd-50571_vapp2021,images/hd-50571/hd-50571_vapp2021.png,Sutlieff,2021,"MNRAS 506, 3224",OUP,hybrid,2106.14890,2021MNRAS.506.3224S,arxiv-preprint-figure,,not-needed
hd-53143,hd-53143_acs2006,images/hd-53143/hd-53143_acs2006.png,Kalas,2006,"ApJL 637, L57",AAS/IOP,green-oa,astro-ph/0601488,2006ApJ...637L..57K,arxiv-preprint-figure,,not-needed
hd-53143,hd-53143_stis-schneider14,images/hd-53143/hd-53143_stis-schneider14.png,Schneider,2014,"AJ 148, 59",AAS/IOP,green-oa,1406.7303,2014AJ....148...59S,arxiv-preprint-figure,,not-needed
hd-53143,hd-53143_reasons,images/hd-53143/hd-53143_reasons.png,Matra,2025,"A&A 693, A151",EDP Sciences,hybrid,2501.09058,2025A&A...693A.151M,arxiv-preprint-figure,,not-needed
hd-53143,hd-53143_alice-f110w,images/hd-53143/hd-53143_alice-f110w.png,Hagan,2018,"AJ 155, 179",AAS/IOP,green-oa,1802.07754,2018AJ....155..179H,archive-product,,not-needed
hd-53143,hd-53143_stis-stark2023,images/hd-53143/hd-53143_stis-stark2023.png,Stark,2023,"ApJ 945, 131",AAS/IOP,green-oa,2304.07370,2023ApJ...945..131S,arxiv-preprint-figure,,not-needed
hd-54341,hd-54341_reasons,images/hd-54341/hd-54341_reasons.png,Matra,2025,"A&A 693, A151",EDP Sciences,hybrid,2501.09058,2025A&A...693A.151M,arxiv-preprint-figure,,not-needed
hd-61005,hd-61005_reasons,images/hd-61005/hd-61005_reasons.png,Matra,2025,"A&A 693, A151",EDP Sciences,hybrid,2501.09058,2025A&A...693A.151M,arxiv-preprint-figure,,not-needed
hd-61005,hd-61005_gpies-debris,images/hd-61005/hd-61005_gpies-debris.png,Esposito,2020,"AJ 160, 24",AAS/IOP,green-oa,2004.13722,2020AJ....160...24E,arxiv-preprint-figure,,not-needed
hd-61005,hd-61005_stis-schneider14,images/hd-61005/hd-61005_stis-schneider14.png,Schneider,2014,"AJ 148, 59",AAS/IOP,green-oa,1406.7303,2014AJ....148...59S,arxiv-preprint-figure,,not-needed
hd-61005,hd-61005_sphere2016,images/hd-61005/hd-61005_sphere2016.png,Olofsson,2016,"A&A 591, A108",EDP Sciences,hybrid,1601.07861,2016A&A...591A.108O,arxiv-preprint-figure,,not-needed
hd-61005,hd-61005_arks,images/hd-61005/hd-61005_arks.png,Marino,2026,A&A,EDP Sciences,hybrid,2601.11708,2026A&A...705A.195M,arxiv-preprint-figure,,not-needed
hd-61005,hd-61005_nicmos-ren2023,images/hd-61005/hd-61005_nicmos-ren2023.png,Ren,2023,"A&A 672, A114",EDP Sciences,hybrid,2302.04273,2023A&A...672A.114R,arxiv-preprint-figure,,not-needed
hd-61005,hd-61005_sphere-debris-2025,images/hd-61005/hd-61005_sphere-debris-2025.png,Engler,2025,"A&A 704, A21",EDP Sciences,hybrid,2512.03128,2025A&A...704A..21E,arxiv-preprint-figure,,not-needed
hd-61005,hd-61005_stis-ren,images/hd-61005/hd-61005_stis-ren.png,Ren,2023,"A&A 672, A114",EDP Sciences,hybrid,2302.04273,2023A&A...672A.114R,arxiv-preprint-figure,,not-needed
hd-61005,hd-61005_alma2018,images/hd-61005/hd-61005_alma2018.png,MacGregor,2018,"ApJ 869, 75",AAS/IOP,green-oa,1812.05610,2018ApJ...869...75M,arxiv-preprint-figure,,not-needed
hd-61005,hd-61005_alice-f110w,images/hd-61005/hd-61005_alice-f110w.png,Hagan,2018,"AJ 155, 179",AAS/IOP,green-oa,1802.07754,2018AJ....155..179H,archive-product,,not-needed
hd-61005,hd-61005_gpi-crotts24,images/hd-61005/hd-61005_gpi-crotts24.png,Crotts,2024,"ApJ 961, 245",AAS/IOP,green-oa,2311.14599,2024ApJ...961..245C,arxiv-preprint-figure,,not-needed
hd-61005,hd-61005_nicmos-hines07,images/hd-61005/hd-61005_nicmos-hines07.png,Hines,2007,"ApJL 671, L165",AAS/IOP,green-oa,,2007ApJ...671L.165H,publisher-pdf,,not-needed
hd-61005,hd-61005_acs2009,images/hd-61005/hd-61005_acs2009.png,Maness,2009,"ApJ 707, 1098",AAS/IOP,green-oa,0910.5223,2009ApJ...707.1098M,arxiv-preprint-figure,,not-needed
hd-61005,hd-61005_naco2011,images/hd-61005/hd-61005_naco2011.png,Buenzli,2010,"A&A 524, L1",EDP Sciences,hybrid,1011.2496,2010A&A...524L...1B,arxiv-preprint-figure,,not-needed
hd-61005,hd-61005_nirc22016,images/hd-61005/hd-61005_nirc22016.png,Esposito,2016,"AJ 152, 85",AAS/IOP,green-oa,1605.06161,2016AJ....152...85E,arxiv-preprint-figure,,not-needed
hd-70313,hd-70313_herschel-pacs,images/hd-70313/hd-70313_herschel-pacs.png,Morales,2013,"ApJ 776, 111",AAS/IOP,green-oa,,2013ApJ...776..111M,publisher-pdf,,not-needed
hd-71722,hd-71722_herschel-pacs,images/hd-71722/hd-71722_herschel-pacs.png,Morales,2013,"ApJ 776, 111",AAS/IOP,green-oa,,2013ApJ...776..111M,publisher-pdf,,not-needed
hd-76582,hd-76582_arks,images/hd-76582/hd-76582_arks.png,Marino,2026,A&A,EDP Sciences,hybrid,2601.11708,2026A&A...705A.195M,arxiv-preprint-figure,,not-needed
hd-76582,hd-76582_reasons,images/hd-76582/hd-76582_reasons.png,Matra,2025,"A&A 693, A151",EDP Sciences,hybrid,2501.09058,2025A&A...693A.151M,arxiv-preprint-figure,,not-needed
hd-84870,hd-84870_arks,images/hd-84870/hd-84870_arks.png,Marino,2026,A&A,EDP Sciences,hybrid,2601.11708,2026A&A...705A.195M,arxiv-preprint-figure,,not-needed
hd-84870,hd-84870_reasons,images/hd-84870/hd-84870_reasons.png,Matra,2025,"A&A 693, A151",EDP Sciences,hybrid,2501.09058,2025A&A...693A.151M,arxiv-preprint-figure,,not-needed
hd-92945,hd-92945_reasons,images/hd-92945/hd-92945_reasons.png,Matra,2025,"A&A 693, A151",EDP Sciences,hybrid,2501.09058,2025A&A...693A.151M,arxiv-preprint-figure,,not-needed
hd-92945,hd-92945_stis-schneider14,images/hd-92945/hd-92945_stis-schneider14.png,Schneider,2014,"AJ 148, 59",AAS/IOP,green-oa,1406.7303,2014AJ....148...59S,arxiv-preprint-figure,,not-needed
hd-92945,hd-92945_arks,images/hd-92945/hd-92945_arks.png,Marino,2026,A&A,EDP Sciences,hybrid,2601.11708,2026A&A...705A.195M,arxiv-preprint-figure,,not-needed
hd-92945,hd-92945_sphere-debris-2025,images/hd-92945/hd-92945_sphere-debris-2025.png,Engler,2025,"A&A 704, A21",EDP Sciences,hybrid,2512.03128,2025A&A...704A..21E,arxiv-preprint-figure,,not-needed
hd-92945,hd-92945_alma2019,images/hd-92945/hd-92945_alma2019.png,Marino,2019,"MNRAS 484, 1257",OUP,hybrid,1901.01406,2019MNRAS.484.1257M,arxiv-preprint-figure,,not-needed
hd-92945,hd-92945_alice-f110w,images/hd-92945/hd-92945_alice-f110w.png,Hagan,2018,"AJ 155, 179",AAS/IOP,green-oa,1802.07754,2018AJ....155..179H,archive-product,,not-needed
hd-92945,hd-92945_acs-golimowski11,images/hd-92945/hd-92945_acs-golimowski11.png,Golimowski,2011,"AJ 142, 30",AAS/IOP,green-oa,1105.0888,2011AJ....142...30G,arxiv-preprint-figure,,not-needed
hd-92945,hd-92945_jwst-nircam,images/hd-92945/hd-92945_jwst-nircam.png,Lazzoni,2025,"A&A (2025, accepted)",EDP Sciences,hybrid,2511.07561,2025A&A...704A.176L,arxiv-preprint-figure,,not-needed
hd-95086,hd-95086_reasons,images/hd-95086/hd-95086_reasons.png,Matra,2025,"A&A 693, A151",EDP Sciences,hybrid,2501.09058,2025A&A...693A.151M,arxiv-preprint-figure,,not-needed
hd-95086,hd-95086_alma2017,images/hd-95086/hd-95086_alma2017.png,Su,2017,"AJ 154, 225",AAS/IOP,green-oa,1709.10129,2017AJ....154..225S,arxiv-preprint-figure,,not-needed
hd-95086,hd-95086_naco2013,images/hd-95086/hd-95086_naco2013.png,Rameau,2013,"ApJL 772, L15",AAS/IOP,green-oa,1305.7428,2013ApJ...772L..15R,arxiv-preprint-figure,,not-needed
hd-95086,hd-95086_arks,images/hd-95086/hd-95086_arks.png,Marino,2026,A&A,EDP Sciences,hybrid,2601.11708,2026A&A...705A.195M,arxiv-preprint-figure,,not-needed
hd-95086,hd-95086_naco2013b,images/hd-95086/hd-95086_naco2013b.png,Rameau,2013,"ApJL 779, L26",AAS/IOP,green-oa,1310.7483,2013ApJ...779L..26R,arxiv-preprint-figure,,not-needed
hd-95086,hd-95086_sphere2018,images/hd-95086/hd-95086_sphere2018.png,Chauvin,2018,"A&A 617, A76",EDP Sciences,hybrid,1801.05850,2018A&A...617A..76C,arxiv-preprint-figure,,not-needed
hd-95086,hd-95086_gpi-hband2014,images/hd-95086/hd-95086_gpi-hband2014.png,Galicher,2014,Astronomy & Astrophysics (Letters),EDP Sciences,hybrid,1404.4635,2014A&A...565L...4G,arxiv-preprint-figure,,not-needed
hd-95086,hd-95086_gpi-k1band2014,images/hd-95086/hd-95086_gpi-k1band2014.png,Galicher,2014,Astronomy & Astrophysics (Letters),EDP Sciences,hybrid,1404.4635,2014A&A...565L...4G,arxiv-preprint-figure,,not-needed
hd-95086,hd-95086_miri2024-f1065c,images/hd-95086/hd-95086_miri2024-f1065c.png,Malin,2024,Astronomy & Astrophysics,EDP Sciences,hybrid,2408.16843,2024A&A...690A.316M,arxiv-preprint-figure,,not-needed
hd-95086,hd-95086_miri2024-f1140c,images/hd-95086/hd-95086_miri2024-f1140c.png,Malin,2024,Astronomy & Astrophysics,EDP Sciences,hybrid,2408.16843,2024A&A...690A.316M,arxiv-preprint-figure,,not-needed
hd-95086,hd-95086_miri2024-f2300c,images/hd-95086/hd-95086_miri2024-f2300c.png,Malin,2024,Astronomy & Astrophysics,EDP Sciences,hybrid,2408.16843,2024A&A...690A.316M,arxiv-preprint-figure,,not-needed
hd-95086,hd-95086_herschel-pacs2015,images/hd-95086/hd-95086_herschel-pacs2015.png,Su,2015,"ApJ 799, 146",AAS/IOP,green-oa,1412.0167,2015ApJ...799..146S,arxiv-preprint-figure,,not-needed
hd-95767,hd-95767_vlti_pionier,images/hd-95767/hd-95767_vlti_pionier.png,De Prins,2026,A&A,EDP Sciences,hybrid,2605.13445,2026arXiv260513445D,arxiv-preprint-figure,,not-needed
hd-97048,hd-97048_gemini-lights,images/hd-97048/hd-97048_gemini-lights.png,Rich,2022,"AJ 164, 109",AAS/IOP,green-oa,2206.05815,2022AJ....164..109R,arxiv-preprint-figure,,not-needed
hd-97048,hd-97048_sphere2016,images/hd-97048/hd-97048_sphere2016.png,Ginski,2016,"A&A 595, A112",EDP Sciences,hybrid,1609.04027,2016A&A...595A.112G,arxiv-preprint-figure,,not-needed
hd-97048,hd-97048_sphere-ks-rdi,images/hd-97048/hd-97048_sphere-ks-rdi.png,Ren,2023,"A&A 680, A114",EDP Sciences,hybrid,2310.08589,2023A&A...680A.114R,arxiv-preprint-figure,,not-needed
hd-97048,hd-97048_sphere-chami,images/hd-97048/hd-97048_sphere-chami.png,Ginski,2024,"A&A 685, A52",EDP Sciences,hybrid,2403.02149,2024A&A...685A..52G,arxiv-preprint-figure,,not-needed
hd-97048,hd-97048_naco-pippin,images/hd-97048/hd-97048_naco-pippin.png,de Regt,2024,"A&A 684, A73",EDP Sciences,hybrid,2404.02222,2024A&A...684A..73D,arxiv-preprint-figure,,not-needed
hd-97048,hd-97048_alice-f110w,images/hd-97048/hd-97048_alice-f110w.png,Hagan,2018,"AJ 155, 179",AAS/IOP,green-oa,1802.07754,2018AJ....155..179H,archive-product,,not-needed
hd-97048,hd-97048_visir2007,images/hd-97048/hd-97048_visir2007.png,Doucet,2007,Astronomy & Astrophysics,EDP Sciences,hybrid,0704.3678,2007arXiv0704.3678D,arxiv-preprint-figure,,not-needed
hd-97048,hd-97048_acs2007,images/hd-97048/hd-97048_acs2007.png,Doering,2007,"AJ 133, 2122",AAS/IOP,green-oa,astro-ph/0701576,2007AJ....133.2122D,arxiv-preprint-figure,,not-needed
hd-97048,hd-97048_sphere-ks-qphi,images/hd-97048/hd-97048_sphere-ks-qphi.png,Ren,2023,"A&A 680, A114",EDP Sciences,hybrid,2310.08589,2023A&A...680A.114R,arxiv-preprint-figure,,not-needed
hd-97048,hd-97048_sphere-rdi-xie22,images/hd-97048/hd-97048_sphere-rdi-xie22.png,Xie,2022,"A&A 666, A32",EDP Sciences,hybrid,2208.07915,2022A&A...666A..32X,arxiv-preprint-figure,,not-needed
hd-98363,hd-98363_discs,images/hd-98363/hd-98363_discs.png,Hom,2025,"AJ, in press",AAS/IOP,green-oa,2505.02976,2025AJ....170...46H,arxiv-preprint-figure,,not-needed
hd-98800,hd-98800_sphere-debris-2025,images/hd-98800/hd-98800_sphere-debris-2025.png,Engler,2025,"A&A 704, A21",EDP Sciences,hybrid,2512.03128,2025A&A...704A..21E,arxiv-preprint-figure,,not-needed
hd-98800,hd-98800_alma2019,images/hd-98800/hd-98800_alma2019.png,Kennedy,2019,Nature Astronomy,Springer Nature,restrictive,1901.05018,2019NatAs...3..278K,arxiv-preprint-figure,Y,not-needed
hd-98800,hd-98800_vla2018,images/hd-98800/hd-98800_vla2018.png,Ribas,2018,"ApJ 865, 77",AAS/IOP,green-oa,1808.02493,2018ApJ...865...77R,arxiv-preprint-figure,,not-needed
hen-3-365,hen-3-365_gemini-lights,images/hen-3-365/hen-3-365_gemini-lights.png,Rich,2022,"AJ 164, 109",AAS/IOP,green-oa,2206.05815,2022AJ....164..109R,arxiv-preprint-figure,,not-needed
hh-212,hh-212_alma2021,images/hh-212/hh-212_alma2021.png,Lee,2021,"ApJ 910, 75",AAS/IOP,green-oa,2102.11481,2021ApJ...910...75L,arxiv-preprint-figure,,not-needed
hh-30,hh-30_edgeon-alma2020-b4,images/hh-30/hh-30_edgeon-alma2020-b4.png,Villenave,2020,"A&A 642, A164",EDP Sciences,hybrid,2008.06518,2020A&A...642A.164V,arxiv-preprint-figure,,not-needed
hh-30,hh-30_edgeon-alma2020-b6,images/hh-30/hh-30_edgeon-alma2020-b6.png,Villenave,2020,"A&A 642, A164",EDP Sciences,hybrid,2008.06518,2020A&A...642A.164V,arxiv-preprint-figure,,not-needed
hh-30,hh-30_edgeon-alma2020,images/hh-30/hh-30_edgeon-alma2020.png,Villenave,2020,"A&A 642, A164",EDP Sciences,hybrid,2008.06518,2020A&A...642A.164V,arxiv-preprint-figure,,not-needed
hh-30,hh-30_jwst2024,images/hh-30/hh-30_jwst2024.png,Tazaki,2024,"ApJ 980, 49",AAS/IOP,green-oa,2412.07523,2025ApJ...980...49T,arxiv-preprint-figure,,not-needed
hh-30,hh-30_nicmos2001,images/hh-30/hh-30_nicmos2001.png,Cotera,2001,ApJ,AAS/IOP,green-oa,astro-ph/0104066,2001ApJ...556..958C,arxiv-preprint-figure,,not-needed
hh-30,hh-30_wfpc2-1996,images/hh-30/hh-30_wfpc2-1996.png,Burrows,1996,"ApJ 473, 437",AAS/IOP,green-oa,,1996ApJ...473..437B,publisher-pdf,,not-needed
hh-48-ne,hh-48-ne_edgeon-alma2020,images/hh-48-ne/hh-48-ne_edgeon-alma2020.png,Villenave,2020,"A&A 642, A164",EDP Sciences,hybrid,2008.06518,2020A&A...642A.164V,arxiv-preprint-figure,,not-needed
hh-48-ne,hh-48-ne_acs2023,images/hh-48-ne/hh-48-ne_acs2023.png,Sturm,2023,"A&A 677, A17",EDP Sciences,hybrid,2305.02338,2023A&A...677A..17S,arxiv-preprint-figure,,not-needed
hh-80-81,hh-80-81_vla2012,images/hh-80-81/hh-80-81_vla2012.png,Carrasco-Gonzalez,2012,ApJ,AAS/IOP,green-oa,1205.3302,2012ApJ...752L..29C,arxiv-preprint-figure,,not-needed
hip-109427,hip-109427_scexao2021,images/hip-109427/hip-109427_scexao2021.png,Steiger,2021,AJ,AAS/IOP,green-oa,2103.06898,2021AJ....162...44S,arxiv-preprint-figure,,not-needed
hip-17453,hip-17453_cbass,images/hip-17453/hip-17453_cbass.png,Brinjikji,2026,arXiv e-print,arXiv preprint,preprint,2606.30733,2026arXiv260630733B,arxiv-preprint-figure,,not-needed
hip-21152,hip-21152_scexao2022,images/hip-21152/hip-21152_scexao2022.png,Kuzuhara,2022,"ApJL 934, L18",AAS/IOP,green-oa,2205.02729,2022ApJ...934L..18K,arxiv-preprint-figure,,not-needed
hip-21152,hip-21152_nirc2-2022,images/hip-21152/hip-21152_nirc2-2022.png,Franson,2022,"AJ 165, 39",AAS/IOP,green-oa,2211.09840,2023AJ....165...39F,arxiv-preprint-figure,,not-needed
hip-39017,hip-39017_charis2024,images/hip-39017/hip-39017_charis2024.png,Tobin,2024,AJ,AAS/IOP,green-oa,2403.04000,2024AJ....167..205T,arxiv-preprint-figure,,not-needed
hip-53005,hip-53005_scexao-uyama26,images/hip-53005/hip-53005_scexao-uyama26.png,Uyama,2026,AJ (2026),AAS/IOP,green-oa,2604.03767,2026AJ....171..332U,arxiv-preprint-figure,,not-needed
hip-53005,hip-53005_nirc2-2024,images/hip-53005/hip-53005_nirc2-2024.png,Uyama,2026,AJ,AAS/IOP,green-oa,2604.03767,2026AJ....171..332U,arxiv-preprint-figure,,not-needed
hip-5319,hip-5319_scexao2022,images/hip-5319/hip-5319_scexao2022.png,Swimmer,2022,"AJ 164, 152",AAS/IOP,green-oa,2208.00334,2022AJ....164..152S,arxiv-preprint-figure,,not-needed
hip-54515,hip-54515_scexao-currie26,images/hip-54515/hip-54515_scexao-currie26.png,Currie,2026,AJ (2026),AAS/IOP,green-oa,2512.02159,2026AJ....171....5C,arxiv-preprint-figure,,not-needed
hip-64892,hip-64892_sphere2018,images/hip-64892/hip-64892_sphere2018.png,Cheetham,2018,"A&A 615, A160",EDP Sciences,hybrid,1803.02725,2018A&A...615A.160C,arxiv-preprint-figure,,not-needed
hip-65426,hip-65426_sphere2017,images/hip-65426/hip-65426_sphere2017.png,Chauvin,2017,"A&A 605, L9",EDP Sciences,hybrid,1707.01413,2017A&A...605L...9C,arxiv-preprint-figure,,not-needed
hip-65426,hip-65426_jwst2023-f250m,images/hip-65426/hip-65426_jwst2023-f250m.png,Carter,2023,"ApJL 951, L20",AAS/IOP,green-oa,2208.14990,2023ApJ...951L..20C,arxiv-preprint-figure,,not-needed
hip-65426,hip-65426_jwst2023-f300m,images/hip-65426/hip-65426_jwst2023-f300m.png,Carter,2023,"ApJL 951, L20",AAS/IOP,green-oa,2208.14990,2023ApJ...951L..20C,arxiv-preprint-figure,,not-needed
hip-65426,hip-65426_jwst2023-f356w,images/hip-65426/hip-65426_jwst2023-f356w.png,Carter,2023,"ApJL 951, L20",AAS/IOP,green-oa,2208.14990,2023ApJ...951L..20C,arxiv-preprint-figure,,not-needed
hip-65426,hip-65426_jwst2023-f410m,images/hip-65426/hip-65426_jwst2023-f410m.png,Carter,2023,"ApJL 951, L20",AAS/IOP,green-oa,2208.14990,2023ApJ...951L..20C,arxiv-preprint-figure,,not-needed
hip-65426,hip-65426_jwst2023-f444w,images/hip-65426/hip-65426_jwst2023-f444w.png,Carter,2023,"ApJL 951, L20",AAS/IOP,green-oa,2208.14990,2023ApJ...951L..20C,arxiv-preprint-figure,,not-needed
hip-65426,hip-65426_jwst2023-f1550c,images/hip-65426/hip-65426_jwst2023-f1550c.png,Carter,2023,"ApJL 951, L20",AAS/IOP,green-oa,2208.14990,2023ApJ...951L..20C,arxiv-preprint-figure,,not-needed
hip-65426,hip-65426_jwst2023-f1140c,images/hip-65426/hip-65426_jwst2023-f1140c.png,Carter,2023,"ApJL 951, L20",AAS/IOP,green-oa,2208.14990,2023ApJ...951L..20C,arxiv-preprint-figure,,not-needed
hip-65426,hip-65426_naco2019-lp,images/hip-65426/hip-65426_naco2019-lp.png,Cheetham,2019,"A&A 622, A80",EDP Sciences,hybrid,1812.07198,2019A&A...622A..80C,arxiv-preprint-figure,,not-needed
hip-65426,hip-65426_naco2019-mp,images/hip-65426/hip-65426_naco2019-mp.png,Cheetham,2019,"A&A 622, A80",EDP Sciences,hybrid,1812.07198,2019A&A...622A..80C,arxiv-preprint-figure,,not-needed
hip-71618,hip-71618_oasis,images/hip-71618/hip-71618_oasis.png,El Morsy,2025,ApJL (in press),AAS/IOP,green-oa,2512.02126,2025ApJ...995L...4E,arxiv-preprint-figure,,not-needed
hip-75056,hip-75056_sphere2020,images/hip-75056/hip-75056_sphere2020.png,Wagner,2020,"ApJL 902, L6",AAS/IOP,green-oa,2009.08537,2020ApJ...902L...6W,arxiv-preprint-figure,,not-needed
hip-78530,hip-78530_niri2011,images/hip-78530/hip-78530_niri2011.png,Lafreniere,2011,"ApJ 730, 42",AAS/IOP,green-oa,1101.4666,2011ApJ...730...42L,arxiv-preprint-figure,,not-needed
hip-99770,hip-99770_scexao2023,images/hip-99770/hip-99770_scexao2023.png,Currie,2023,"Science 380, 198",AAAS,restrictive,2212.00034,2023Sci...380..198C,arxiv-preprint-figure,Y,not-needed
hip-99770,hip-99770_nircam2026,images/hip-99770/hip-99770_nircam2026.png,Balmer,2026,"ApJL 1001, L26",AAS/IOP,green-oa,2604.09785,2026ApJ..1001L..26B,arxiv-preprint-figure,,not-needed
hk-tau-b,hk-tau-b_edgeon-alma2020-b4,images/hk-tau-b/hk-tau-b_edgeon-alma2020-b4.png,Villenave,2020,"A&A 642, A164",EDP Sciences,hybrid,2008.06518,2020A&A...642A.164V,arxiv-preprint-figure,,not-needed
hk-tau-b,hk-tau-b_edgeon-alma2020,images/hk-tau-b/hk-tau-b_edgeon-alma2020.png,Villenave,2020,"A&A 642, A164",EDP Sciences,hybrid,2008.06518,2020A&A...642A.164V,arxiv-preprint-figure,,not-needed
hk-tau-b,hk-tau-b_keck-lws2003,images/hk-tau-b/hk-tau-b_keck-lws2003.png,McCabe,2003,ApJ (Letters),AAS/IOP,green-oa,astro-ph/0304083,2003ApJ...588L.113M,arxiv-preprint-figure,,not-needed
hk-tau-b,hk-tau-b_wfpc2-1998,images/hk-tau-b/hk-tau-b_wfpc2-1998.png,Stapelfeldt,1998,"ApJL 502, L65",AAS/IOP,green-oa,,1998ApJ...502L..65S,publisher-pdf,,not-needed
hk-tau,hk-tau_taurus-long2019,images/hk-tau/hk-tau_taurus-long2019.png,Long,2019,"ApJ 882, 49",AAS/IOP,green-oa,1906.10809,2019ApJ...882...49L,arxiv-preprint-figure,,not-needed
hl-tau,hl-tau_alma2015,images/hl-tau/hl-tau_alma2015.png,ALMA Partnership,2015,"ApJL 808, L3",AAS/IOP,green-oa,1503.02649,2015ApJ...808L...3A,arxiv-preprint-figure,,not-needed
hl-tau,hl-tau_alma2015-b3,images/hl-tau/hl-tau_alma2015-b3.png,ALMA Partnership,2015,"ApJL 808, L3",AAS/IOP,green-oa,1503.02649,2015ApJ...808L...3A,arxiv-preprint-figure,,not-needed
hl-tau,hl-tau_alma2015-b7,images/hl-tau/hl-tau_alma2015-b7.png,ALMA Partnership,2015,"ApJL 808, L3",AAS/IOP,green-oa,1503.02649,2015ApJ...808L...3A,arxiv-preprint-figure,,not-needed
hl-tau,hl-tau_nircam2024-f187n,images/hl-tau/hl-tau_nircam2024-f187n.png,Mullin,2024,"AJ 167, 183",AAS/IOP,green-oa,2403.00908,2024AJ....167..183M,arxiv-preprint-figure,,not-needed
hl-tau,hl-tau_nircam2024-f200w,images/hl-tau/hl-tau_nircam2024-f200w.png,Mullin,2024,"AJ 167, 183",AAS/IOP,green-oa,2403.00908,2024AJ....167..183M,arxiv-preprint-figure,,not-needed
hl-tau,hl-tau_nircam2024-f405n,images/hl-tau/hl-tau_nircam2024-f405n.png,Mullin,2024,"AJ 167, 183",AAS/IOP,green-oa,2403.00908,2024AJ....167..183M,arxiv-preprint-figure,,not-needed
hl-tau,hl-tau_nircam2024-f410m,images/hl-tau/hl-tau_nircam2024-f410m.png,Mullin,2024,"AJ 167, 183",AAS/IOP,green-oa,2403.00908,2024AJ....167..183M,arxiv-preprint-figure,,not-needed
hl-tau,hl-tau_vla2016,images/hl-tau/hl-tau_vla2016.png,Carrasco-Gonzalez,2016,ApJ Letters,AAS/IOP,green-oa,1603.03731,2016ApJ...821L..16C,arxiv-preprint-figure,,not-needed
hl-tau,hl-tau_bima2000,images/hl-tau/hl-tau_bima2000.png,Looney,2000,"ApJ 529, 477",AAS/IOP,green-oa,astro-ph/9908301,2000ApJ...529..477L,arxiv-preprint-figure,,not-needed
hn-tau,hn-tau_taurus-long2019,images/hn-tau/hn-tau_taurus-long2019.png,Long,2019,"ApJ 882, 49",AAS/IOP,green-oa,1906.10809,2019ApJ...882...49L,arxiv-preprint-figure,,not-needed
hn-tau,hn-tau_sphere-taurus,images/hn-tau/hn-tau_sphere-taurus.png,Garufi,2024,"A&A 685, A53",EDP Sciences,hybrid,2403.02158,2024A&A...685A..53G,arxiv-preprint-figure,,not-needed
ho-lup-a,ho-lup-a_nircensus,images/ho-lup-a/ho-lup-a_nircensus.png,Garufi,2026,"A&A, in press",EDP Sciences,hybrid,2603.01703,2026A&A...709A.269G,arxiv-preprint-figure,,not-needed
ho-tau,ho-tau_taurus-long2019,images/ho-tau/ho-tau_taurus-long2019.png,Long,2019,"ApJ 882, 49",AAS/IOP,green-oa,1906.10809,2019ApJ...882...49L,arxiv-preprint-figure,,not-needed
hp-cha,hp-cha_sphere-chami,images/hp-cha/hp-cha_sphere-chami.png,Ginski,2024,"A&A 685, A52",EDP Sciences,hybrid,2403.02149,2024A&A...685A..52G,arxiv-preprint-figure,,not-needed
hp-tau,hp-tau_taurus-long2019,images/hp-tau/hp-tau_taurus-long2019.png,Long,2019,"ApJ 882, 49",AAS/IOP,green-oa,1906.10809,2019ApJ...882...49L,arxiv-preprint-figure,,not-needed
hp-tau,hp-tau_sphere-taurus,images/hp-tau/hp-tau_sphere-taurus.png,Garufi,2024,"A&A 685, A53",EDP Sciences,hybrid,2403.02158,2024A&A...685A..53G,arxiv-preprint-figure,,not-needed
hq-tau,hq-tau_taurus-long2019,images/hq-tau/hq-tau_taurus-long2019.png,Long,2019,"ApJ 882, 49",AAS/IOP,green-oa,1906.10809,2019ApJ...882...49L,arxiv-preprint-figure,,not-needed
hq-tau,hq-tau_sphere-taurus,images/hq-tau/hq-tau_sphere-taurus.png,Garufi,2024,"A&A 685, A53",EDP Sciences,hybrid,2403.02158,2024A&A...685A..53G,arxiv-preprint-figure,,not-needed
hr-3549,hr-3549_naco2015,images/hr-3549/hr-3549_naco2015.png,Mawet,2015,"ApJ 811, 103",AAS/IOP,green-oa,1509.05689,2015ApJ...811..103M,arxiv-preprint-figure,,not-needed
hr-4049,hr-4049_vlti_pionier,images/hr-4049/hr-4049_vlti_pionier.png,De Prins,2026,A&A,EDP Sciences,hybrid,2605.13445,2026arXiv260513445D,arxiv-preprint-figure,,not-needed
hr-4049,hr-4049_sphere_irdis,images/hr-4049/hr-4049_sphere_irdis.png,Andrych,2023,MNRAS,OUP,hybrid,2307.16598,2023MNRAS.524.4168A,arxiv-preprint-figure,,not-needed
hr-4796a,hr-4796a_gpies-debris,images/hr-4796a/hr-4796a_gpies-debris.png,Esposito,2020,"AJ 160, 24",AAS/IOP,green-oa,2004.13722,2020AJ....160...24E,arxiv-preprint-figure,,not-needed
hr-4796a,hr-4796a_gpi2015,images/hr-4796a/hr-4796a_gpi2015.png,Perrin,2015,"ApJ 799, 182",AAS/IOP,green-oa,1407.2495,2015ApJ...799..182P,arxiv-preprint-figure,,not-needed
hr-4796a,hr-4796a_nicmos1999,images/hr-4796a/hr-4796a_nicmos1999.png,Schneider,1999,"ApJL 513, L127",AAS/IOP,green-oa,astro-ph/9901218,1999ApJ...513L.127S,arxiv-preprint-figure,,not-needed
hr-4796a,hr-4796a_stis2018,images/hr-4796a/hr-4796a_stis2018.png,Schneider,2018,"AJ 155, 77",AAS/IOP,green-oa,1712.08599,2018AJ....155...77S,arxiv-preprint-figure,,not-needed
hr-4796a,hr-4796a_arks,images/hr-4796a/hr-4796a_arks.png,Marino,2026,A&A,EDP Sciences,hybrid,2601.11708,2026A&A...705A.195M,arxiv-preprint-figure,,not-needed
hr-4796a,hr-4796a_reasons,images/hr-4796a/hr-4796a_reasons.png,Matra,2025,"A&A 693, A151",EDP Sciences,hybrid,2501.09058,2025A&A...693A.151M,arxiv-preprint-figure,,not-needed
hr-4796a,hr-4796a_nicmos-ren2023,images/hr-4796a/hr-4796a_nicmos-ren2023.png,Ren,2023,"A&A 672, A114",EDP Sciences,hybrid,2302.04273,2023A&A...672A.114R,arxiv-preprint-figure,,not-needed
hr-4796a,hr-4796a_sphere-debris-2025,images/hr-4796a/hr-4796a_sphere-debris-2025.png,Engler,2025,"A&A 704, A21",EDP Sciences,hybrid,2512.03128,2025A&A...704A..21E,arxiv-preprint-figure,,not-needed
hr-4796a,hr-4796a_stis-ren,images/hr-4796a/hr-4796a_stis-ren.png,Ren,2023,"A&A 672, A114",EDP Sciences,hybrid,2302.04273,2023A&A...672A.114R,arxiv-preprint-figure,,not-needed
hr-4796a,hr-4796a_keck1998,images/hr-4796a/hr-4796a_keck1998.png,Koerner,1998,"ApJL 503, L83",AAS/IOP,green-oa,astro-ph/9806268,1998ApJ...503L..83K,arxiv-preprint-figure,,not-needed
hr-4796a,hr-4796a_naco-pippin,images/hr-4796a/hr-4796a_naco-pippin.png,de Regt,2024,"A&A 684, A73",EDP Sciences,hybrid,2404.02222,2024A&A...684A..73D,arxiv-preprint-figure,,not-needed
hr-4796a,hr-4796a_seeds,images/hr-4796a/hr-4796a_seeds.png,Thalmann,2011,"ApJL 743, L6",AAS/IOP,green-oa,1110.2488,2011ApJ...743L...6T,arxiv-preprint-figure,,not-needed
hr-4796a,hr-4796a_alma2018,images/hr-4796a/hr-4796a_alma2018.png,Kennedy,2018,"MNRAS 475, 4924",OUP,hybrid,1801.05429,2018MNRAS.475.4924K,arxiv-preprint-figure,,not-needed
hr-4796a,hr-4796a_alice-f171m,images/hr-4796a/hr-4796a_alice-f171m.png,Hagan,2018,"AJ 155, 179",AAS/IOP,green-oa,1802.07754,2018AJ....155..179H,archive-product,,not-needed
hr-4796a,hr-4796a_magaox2026,images/hr-4796a/hr-4796a_magaox2026.png,Kueny,2026,"ApJ 1001, 189",AAS/IOP,green-oa,2606.23480,2026ApJ..1001..189K,arxiv-preprint-figure,,not-needed
hr-4796a,hr-4796a_gpi-hom24,images/hr-4796a/hr-4796a_gpi-hom24.png,Hom,2024,MNRAS,OUP,hybrid,2402.00214,2024MNRAS.528.6959H,arxiv-preprint-figure,,not-needed
hr-4796a,hr-4796a_aeos2009,images/hr-4796a/hr-4796a_aeos2009.png,Hinkley,2009,"ApJ 701, 804 (2009)",AAS/IOP,green-oa,0906.3010,2009ApJ...701..804H,arxiv-preprint-figure,,not-needed
hr-4796a,hr-4796a_zimpol2019,images/hr-4796a/hr-4796a_zimpol2019.png,Milli,2019,"A&A 626, A54 (2019)",EDP Sciences,hybrid,1905.03603,2019A&A...626A..54M,arxiv-preprint-figure,,not-needed
hr-4796a,hr-4796a_sphere-rdi-xie22,images/hr-4796a/hr-4796a_sphere-rdi-xie22.png,Xie,2022,"A&A 666, A32",EDP Sciences,hybrid,2208.07915,2022A&A...666A..32X,arxiv-preprint-figure,,not-needed
hr-4796a,hr-4796a_nici2014,images/hr-4796a/hr-4796a_nici2014.png,Wahhaj,2014,"A&A 567, A34 (2014)",EDP Sciences,hybrid,1404.6525,2014A&A...567A..34W,arxiv-preprint-figure,,not-needed
hr-4796a,hr-4796a_gemini-midir2010,images/hr-4796a/hr-4796a_gemini-midir2010.png,Moerchen,2010,"A&A 526, A34",EDP Sciences,hybrid,1011.1437,2011A&A...526A..34M,arxiv-preprint-figure,,not-needed
hr-4796a,hr-4796a_nici2014-j,images/hr-4796a/hr-4796a_nici2014-j.png,Wahhaj,2014,"A&A 567, A34 (2014)",EDP Sciences,hybrid,1404.6525,2014A&A...567A..34W,arxiv-preprint-figure,,not-needed
hr-4796a,hr-4796a_nici2014-ks,images/hr-4796a/hr-4796a_nici2014-ks.png,Wahhaj,2014,"A&A 567, A34 (2014)",EDP Sciences,hybrid,1404.6525,2014A&A...567A..34W,arxiv-preprint-figure,,not-needed
hr-4796a,hr-4796a_clio-rodigas2015,images/hr-4796a/hr-4796a_clio-rodigas2015.png,Rodigas,2015,"ApJ 798, 96",AAS/IOP,green-oa,1410.7753,2015ApJ...798...96R,arxiv-preprint-figure,,not-needed
hr-4796a,hr-4796a_visao-rodigas2015,images/hr-4796a/hr-4796a_visao-rodigas2015.png,Rodigas,2015,"ApJ 798, 96",AAS/IOP,green-oa,1410.7753,2015ApJ...798...96R,arxiv-preprint-figure,,not-needed
hr-5999,hr-5999_amber2011,images/hr-5999/hr-5999_amber2011.png,Benisty,2011,A&A,EDP Sciences,hybrid,1106.4150,2011A&A...531A..84B,arxiv-preprint-figure,,not-needed
hr-7012,hr-7012_gpies-debris,images/hr-7012/hr-7012_gpies-debris.png,Esposito,2020,"AJ 160, 24",AAS/IOP,green-oa,2004.13722,2020AJ....160...24E,arxiv-preprint-figure,,not-needed
hr-7012,hr-7012_sphere-debris-2025,images/hr-7012/hr-7012_sphere-debris-2025.png,Engler,2025,"A&A 704, A21",EDP Sciences,hybrid,2512.03128,2025A&A...704A..21E,arxiv-preprint-figure,,not-needed
hr-7012,hr-7012_alma2025,images/hr-7012/hr-7012_alma2025.png,Roumeliotis,2025,"A&A (2026, in press)",EDP Sciences,hybrid,2512.04154,2026A&A...706A...4R,arxiv-preprint-figure,,not-needed
hr-8799,hr-8799_reasons,images/hr-8799/hr-8799_reasons.png,Matra,2025,"A&A 693, A151",EDP Sciences,hybrid,2501.09058,2025A&A...693A.151M,arxiv-preprint-figure,,not-needed
hr-8799,hr-8799_alma2016,images/hr-8799/hr-8799_alma2016.png,Booth,2016,"MNRAS 460, L10",OUP,hybrid,1603.04853,2016MNRAS.460L..10B,arxiv-preprint-figure,,not-needed
hr-8799,hr-8799_keck2008,images/hr-8799/hr-8799_keck2008.png,Marois,2008,"Science 322, 1348",AAAS,restrictive,0811.2606,2008Sci...322.1348M,arxiv-preprint-figure,Y,not-needed
hr-8799,hr-8799_keck2010,images/hr-8799/hr-8799_keck2010.png,Marois,2010,"Nature 468, 1080",Springer Nature,restrictive,1011.4918,2010Natur.468.1080M,arxiv-preprint-figure,Y,not-needed
hr-8799,hr-8799_arks,images/hr-8799/hr-8799_arks.png,Marino,2026,A&A,EDP Sciences,hybrid,2601.11708,2026A&A...705A.195M,arxiv-preprint-figure,,not-needed
hr-8799,hr-8799_sphere-debris-2025,images/hr-8799/hr-8799_sphere-debris-2025.png,Engler,2025,"A&A 704, A21",EDP Sciences,hybrid,2512.03128,2025A&A...704A..21E,arxiv-preprint-figure,,not-needed
hr-8799,hr-8799_gravity2019,images/hr-8799/hr-8799_gravity2019.png,GRAVITY Collaboration,2019,"A&A 623, L11",EDP Sciences,hybrid,1903.11903,2019A&A...623L..11G,arxiv-preprint-figure,,not-needed
hr-8799,hr-8799_jwst2025,images/hr-8799/hr-8799_jwst2025.png,Balmer,2025,"AJ 169, 209",AAS/IOP,green-oa,2503.13608,2025AJ....169..209B,arxiv-preprint-figure,,not-needed
hr-8799,hr-8799_miri2024-f1065c,images/hr-8799/hr-8799_miri2024-f1065c.png,Boccaletti,2024,A&A (2024),EDP Sciences,hybrid,2310.13414,2024A&A...686A..33B,arxiv-preprint-figure,,not-needed
hr-8799,hr-8799_miri2024-f1140c,images/hr-8799/hr-8799_miri2024-f1140c.png,Boccaletti,2024,A&A (2024),EDP Sciences,hybrid,2310.13414,2024A&A...686A..33B,arxiv-preprint-figure,,not-needed
hr-8799,hr-8799_miri2024-f1550c,images/hr-8799/hr-8799_miri2024-f1550c.png,Boccaletti,2024,A&A (2024),EDP Sciences,hybrid,2310.13414,2024A&A...686A..33B,arxiv-preprint-figure,,not-needed
hr-8799,hr-8799_miri2024-f2100w,images/hr-8799/hr-8799_miri2024-f2100w.png,Boccaletti,2024,A&A (2024),EDP Sciences,hybrid,2310.13414,2024A&A...686A..33B,arxiv-preprint-figure,,not-needed
hr-8799,hr-8799_alice-f160w,images/hr-8799/hr-8799_alice-f160w.png,Hagan,2018,"AJ 155, 179",AAS/IOP,green-oa,1802.07754,2018AJ....155..179H,archive-product,,not-needed
hr-8799,hr-8799_lbti2015,images/hr-8799/hr-8799_lbti2015.png,Maire,2015,Astronomy & Astrophysics,EDP Sciences,hybrid,1412.6989,2015A&A...576A.133M,arxiv-preprint-figure,,not-needed
hr-8799,hr-8799_charis2022,images/hr-8799/hr-8799_charis2022.png,Wang,2022,"AJ 164, 143 (2022)",AAS/IOP,green-oa,2208.05594,2022AJ....164..143W,arxiv-preprint-figure,,not-needed
hr-8799,hr-8799_p1640-2012,images/hr-8799/hr-8799_p1640-2012.png,Oppenheimer,2013,"ApJ 768, 24 (2013)",AAS/IOP,green-oa,1303.2627,2013ApJ...768...24O,arxiv-preprint-figure,,not-needed
hr-8799,hr-8799_niri2008,images/hr-8799/hr-8799_niri2008.png,Marois,2008,"Science 322, 1348 (2008)",AAAS,restrictive,0811.2606,2008Sci...322.1348M,arxiv-preprint-figure,Y,not-needed
hr-8799,hr-8799_herschel2014,images/hr-8799/hr-8799_herschel2014.png,Matthews,2014,"ApJ 780, 97",AAS/IOP,green-oa,1311.2977,2014ApJ...780...97M,arxiv-preprint-figure,,not-needed
hr-8799,hr-8799_nicmos1998,images/hr-8799/hr-8799_nicmos1998.png,Lafreniere,2009,"ApJL 694, L148",AAS/IOP,green-oa,0902.3247,2009ApJ...694L.148L,arxiv-preprint-figure,,not-needed
hr-8799,hr-8799_nicmos1998-soummer,images/hr-8799/hr-8799_nicmos1998-soummer.png,Soummer,2011,"ApJ 741, 55",AAS/IOP,green-oa,1110.1382,2011ApJ...741...55S,arxiv-preprint-figure,,not-needed
hr-8799,hr-8799_p1640-2015,images/hr-8799/hr-8799_p1640-2015.png,Pueyo,2015,"ApJ 803, 31",AAS/IOP,green-oa,1409.6388,2015ApJ...803...31P,arxiv-preprint-figure,,not-needed
hr-8799,hr-8799_bergfors2011-naco,images/hr-8799/hr-8799_bergfors2011-naco.png,Bergfors,2011,"A&A 528, A134",EDP Sciences,hybrid,1102.5330,2011A&A...528A.134B,arxiv-preprint-figure,,not-needed
hr-8799,hr-8799_alma-faramaz2021,images/hr-8799/hr-8799_alma-faramaz2021.png,Faramaz,2021,"AJ 161, 271",AAS/IOP,green-oa,2104.02088,2021AJ....161..271F,arxiv-preprint-figure,,not-needed
hsc-j0217-0208,hsc-j0217-0208_jwst-ding25,images/hsc-j0217-0208/hsc-j0217-0208_jwst-ding25.png,Ding,2025,A&A (2025),EDP Sciences,hybrid,2505.03876,2025ApJ...993...91D,arxiv-preprint-figure,,not-needed
hsc-j0217-0208,hsc-j0217-0208_alma2020,images/hsc-j0217-0208/hsc-j0217-0208_alma2020.png,Harikane,2020,ApJ (2020),AAS/IOP,green-oa,1910.10927,2020ApJ...896...93H,arxiv-preprint-figure,,not-needed
hsc-j0844-0052,hsc-j0844-0052_jwst-ding25,images/hsc-j0844-0052/hsc-j0844-0052_jwst-ding25.png,Ding,2025,A&A (2025),EDP Sciences,hybrid,2505.03876,2025ApJ...993...91D,arxiv-preprint-figure,,not-needed
hsc-j0844-0132,hsc-j0844-0132_jwst-ding25,images/hsc-j0844-0132/hsc-j0844-0132_jwst-ding25.png,Ding,2025,A&A (2025),EDP Sciences,hybrid,2505.03876,2025ApJ...993...91D,arxiv-preprint-figure,,not-needed
hsc-j0911-0152,hsc-j0911-0152_jwst-ding25,images/hsc-j0911-0152/hsc-j0911-0152_jwst-ding25.png,Ding,2025,A&A (2025),EDP Sciences,hybrid,2505.03876,2025ApJ...993...91D,arxiv-preprint-figure,,not-needed
hsc-j0918-0139,hsc-j0918-0139_jwst-ding25,images/hsc-j0918-0139/hsc-j0918-0139_jwst-ding25.png,Ding,2025,A&A (2025),EDP Sciences,hybrid,2505.03876,2025ApJ...993...91D,arxiv-preprint-figure,,not-needed
hsc-j1146-0124,hsc-j1146-0124_jwst-ding25,images/hsc-j1146-0124/hsc-j1146-0124_jwst-ding25.png,Ding,2025,A&A (2025),EDP Sciences,hybrid,2505.03876,2025ApJ...993...91D,arxiv-preprint-figure,,not-needed
hsc-j1425-0015,hsc-j1425-0015_jwst-ding25,images/hsc-j1425-0015/hsc-j1425-0015_jwst-ding25.png,Ding,2025,A&A (2025),EDP Sciences,hybrid,2505.03876,2025ApJ...993...91D,arxiv-preprint-figure,,not-needed
hsc-j1512-4422,hsc-j1512-4422_jwst-ding25,images/hsc-j1512-4422/hsc-j1512-4422_jwst-ding25.png,Ding,2025,A&A (2025),EDP Sciences,hybrid,2505.03876,2025ApJ...993...91D,arxiv-preprint-figure,,not-needed
hsc-j1525-4303,hsc-j1525-4303_jwst-ding25,images/hsc-j1525-4303/hsc-j1525-4303_jwst-ding25.png,Ding,2025,A&A (2025),EDP Sciences,hybrid,2505.03876,2025ApJ...993...91D,arxiv-preprint-figure,,not-needed
hsc-j2236-0032,hsc-j2236-0032_jwst2023,images/hsc-j2236-0032/hsc-j2236-0032_jwst2023.png,Ding,2023,"Nature 621, 51",Springer Nature,restrictive,2211.14329,2023Natur.621...51D,arxiv-preprint-figure,Y,not-needed
hsc-j2255-0251,hsc-j2255-0251_jwst2023,images/hsc-j2255-0251/hsc-j2255-0251_jwst2023.png,Ding,2023,"Nature 621, 51",Springer Nature,restrictive,2211.14329,2023Natur.621...51D,arxiv-preprint-figure,Y,not-needed
ht-lup,ht-lup_dsharp,images/ht-lup/ht-lup_dsharp.png,Andrews,2018,"ApJL 869, L41",AAS/IOP,green-oa,1812.04040,2018ApJ...869L..41A,arxiv-preprint-figure,,not-needed
ht-lup,ht-lup_gemini-lights,images/ht-lup/ht-lup_gemini-lights.png,Rich,2022,"AJ 164, 109",AAS/IOP,green-oa,2206.05815,2022AJ....164..109R,arxiv-preprint-figure,,not-needed
hv-tau-c,hv-tau-c_edgeon-alma2020-b4,images/hv-tau-c/hv-tau-c_edgeon-alma2020-b4.png,Villenave,2020,"A&A 642, A164",EDP Sciences,hybrid,2008.06518,2020A&A...642A.164V,arxiv-preprint-figure,,not-needed
hv-tau-c,hv-tau-c_edgeon-alma2020,images/hv-tau-c/hv-tau-c_edgeon-alma2020.png,Villenave,2020,"A&A 642, A164",EDP Sciences,hybrid,2008.06518,2020A&A...642A.164V,arxiv-preprint-figure,,not-needed
hv-tau-c,hv-tau-c_naco2010,images/hv-tau-c/hv-tau-c_naco2010.png,Duchene,2010,"The Astrophysical Journal, 712, 112",AAS/IOP,green-oa,0911.3445,2010ApJ...712..112D,arxiv-preprint-figure,,not-needed
im-lup,im-lup_dsharp,images/im-lup/im-lup_dsharp.png,Andrews,2018,"ApJL 869, L41",AAS/IOP,green-oa,1812.04040,2018ApJ...869L..41A,arxiv-preprint-figure,,not-needed
im-lup,im-lup_dartts-s,images/im-lup/im-lup_dartts-s.png,Avenhaus,2018,"ApJ 863, 44",AAS/IOP,green-oa,1803.10882,2018ApJ...863...44A,arxiv-preprint-figure,,not-needed
im-lup,im-lup_dartts-s-j,images/im-lup/im-lup_dartts-s-j.png,Avenhaus,2018,"ApJ 863, 44",AAS/IOP,green-oa,1803.10882,2018ApJ...863...44A,arxiv-preprint-figure,,not-needed
im-lup,im-lup_alice-f160w,images/im-lup/im-lup_alice-f160w.png,Hagan,2018,"AJ 155, 179",AAS/IOP,green-oa,1802.07754,2018AJ....155..179H,archive-product,,not-needed
im-lup,im-lup_alma-maps2021,images/im-lup/im-lup_alma-maps2021.png,Oberg,2021,"ApJS, 257, 1",AAS/IOP,green-oa,2109.06268,2021ApJS..257....1O,arxiv-preprint-figure,,not-needed
im-lup,im-lup_discs-sma,images/im-lup/im-lup_discs-sma.png,Öberg,2011,"ApJ 734, 98",AAS/IOP,green-oa,1104.1236,2011ApJ...734...98O,arxiv-preprint-figure,,not-needed
ip-tau,ip-tau_taurus-long2018,images/ip-tau/ip-tau_taurus-long2018.png,Long,2018,"ApJ 869, 17",AAS/IOP,green-oa,1810.06044,2018ApJ...869...17L,arxiv-preprint-figure,,not-needed
ip-tau,ip-tau_sphere-taurus,images/ip-tau/ip-tau_sphere-taurus.png,Garufi,2024,"A&A 685, A53",EDP Sciences,hybrid,2403.02158,2024A&A...685A..53G,arxiv-preprint-figure,,not-needed
ip-tau,ip-tau_sphere-ks-qphi,images/ip-tau/ip-tau_sphere-ks-qphi.png,Ren,2023,"A&A 680, A114",EDP Sciences,hybrid,2310.08589,2023A&A...680A.114R,arxiv-preprint-figure,,not-needed
iq-tau,iq-tau_taurus-long2018,images/iq-tau/iq-tau_taurus-long2018.png,Long,2018,"ApJ 869, 17",AAS/IOP,green-oa,1810.06044,2018ApJ...869...17L,arxiv-preprint-figure,,not-needed
iq-tau,iq-tau_sphere-taurus,images/iq-tau/iq-tau_sphere-taurus.png,Garufi,2024,"A&A 685, A53",EDP Sciences,hybrid,2403.02158,2024A&A...685A..53G,arxiv-preprint-figure,,not-needed
iq-tau,iq-tau_sphere-ks-qphi,images/iq-tau/iq-tau_sphere-ks-qphi.png,Ren,2023,"A&A 680, A114",EDP Sciences,hybrid,2310.08589,2023A&A...680A.114R,arxiv-preprint-figure,,not-needed
iram-04191-1522,iram-04191-1522_alma_b7,images/iram-04191-1522/iram-04191-1522_alma_b7.png,Huélamo,2026,"A&A 709, L3",EDP Sciences,hybrid,2603.15274,2026A&A...709L...3H,arxiv-preprint-figure,,not-needed
iras-04158-2805,iras-04158-2805_edgeon-alma2020-b4,images/iras-04158-2805/iras-04158-2805_edgeon-alma2020-b4.png,Villenave,2020,"A&A 642, A164",EDP Sciences,hybrid,2008.06518,2020A&A...642A.164V,arxiv-preprint-figure,,not-needed
iras-04158-2805,iras-04158-2805_edgeon-alma2020,images/iras-04158-2805/iras-04158-2805_edgeon-alma2020.png,Villenave,2020,"A&A 642, A164",EDP Sciences,hybrid,2008.06518,2020A&A...642A.164V,arxiv-preprint-figure,,not-needed
iras-04166-2706,iras-04166-2706_edisk,images/iras-04166-2706/iras-04166-2706_edisk.png,Ohashi,2023,"ApJ 951, 8",AAS/IOP,green-oa,2306.15406,2023ApJ...951....8O,arxiv-preprint-figure,,not-needed
iras-04169-2702,iras-04169-2702_edisk,images/iras-04169-2702/iras-04169-2702_edisk.png,Ohashi,2023,"ApJ 951, 8",AAS/IOP,green-oa,2306.15406,2023ApJ...951....8O,arxiv-preprint-figure,,not-needed
iras-04200-2759,iras-04200-2759_edgeon-alma2020-b4,images/iras-04200-2759/iras-04200-2759_edgeon-alma2020-b4.png,Villenave,2020,"A&A 642, A164",EDP Sciences,hybrid,2008.06518,2020A&A...642A.164V,arxiv-preprint-figure,,not-needed
iras-04200-2759,iras-04200-2759_edgeon-alma2020,images/iras-04200-2759/iras-04200-2759_edgeon-alma2020.png,Villenave,2020,"A&A 642, A164",EDP Sciences,hybrid,2008.06518,2020A&A...642A.164V,arxiv-preprint-figure,,not-needed
iras-04248-2612,iras-04248-2612_nicmos1999,images/iras-04248-2612/iras-04248-2612_nicmos1999.png,Padgett,1999,"AJ 117, 1490",AAS/IOP,green-oa,astro-ph/9902101,1999AJ....117.1490P,arxiv-preprint-figure,,not-needed
iras-04302-2247,iras-04302-2247_edgeon-alma2020-b4,images/iras-04302-2247/iras-04302-2247_edgeon-alma2020-b4.png,Villenave,2020,"A&A 642, A164",EDP Sciences,hybrid,2008.06518,2020A&A...642A.164V,arxiv-preprint-figure,,not-needed
iras-04302-2247,iras-04302-2247_edgeon-alma2020,images/iras-04302-2247/iras-04302-2247_edgeon-alma2020.png,Villenave,2020,"A&A 642, A164",EDP Sciences,hybrid,2008.06518,2020A&A...642A.164V,arxiv-preprint-figure,,not-needed
iras-04302-2247,iras-04302-2247_vla2023,images/iras-04302-2247/iras-04302-2247_vla2023.png,Villenave,2023,"ApJ 946, 70",AAS/IOP,green-oa,2302.01949,2023ApJ...946...70V,arxiv-preprint-figure,,not-needed
iras-04302-2247,iras-04302-2247_nicmos2003,images/iras-04302-2247/iras-04302-2247_nicmos2003.png,Wolf,2003,"ApJ, 588, 373",AAS/IOP,green-oa,astro-ph/0301335,2003ApJ...588..373W,arxiv-preprint-figure,,not-needed
iras-04302-2247,iras-04302-2247_jwst2024-f200w,images/iras-04302-2247/iras-04302-2247_jwst2024-f200w.png,Villenave,2024,"ApJ 961, 95",AAS/IOP,green-oa,2311.07668,2024ApJ...961...95V,arxiv-preprint-figure,,not-needed
iras-04302-2247,iras-04302-2247_jwst2024-f444w,images/iras-04302-2247/iras-04302-2247_jwst2024-f444w.png,Villenave,2024,"ApJ 961, 95",AAS/IOP,green-oa,2311.07668,2024ApJ...961...95V,arxiv-preprint-figure,,not-needed
iras-04302-2247,iras-04302-2247_jwst2024-f770w,images/iras-04302-2247/iras-04302-2247_jwst2024-f770w.png,Villenave,2024,"ApJ 961, 95",AAS/IOP,green-oa,2311.07668,2024ApJ...961...95V,arxiv-preprint-figure,,not-needed
iras-04302-2247,iras-04302-2247_jwst2024-f1280w,images/iras-04302-2247/iras-04302-2247_jwst2024-f1280w.png,Villenave,2024,"ApJ 961, 95",AAS/IOP,green-oa,2311.07668,2024ApJ...961...95V,arxiv-preprint-figure,,not-needed
iras-04302-2247,iras-04302-2247_jwst2024-f2100w,images/iras-04302-2247/iras-04302-2247_jwst2024-f2100w.png,Villenave,2024,"ApJ 961, 95",AAS/IOP,green-oa,2311.07668,2024ApJ...961...95V,arxiv-preprint-figure,,not-needed
iras-04302-2247,iras-04302-2247_nicmos1999,images/iras-04302-2247/iras-04302-2247_nicmos1999.png,Padgett,1999,"AJ 117, 1490",AAS/IOP,green-oa,astro-ph/9902101,1999AJ....117.1490P,arxiv-preprint-figure,,not-needed
iras-08544-4431,iras-08544-4431_sphere_zimpol,images/iras-08544-4431/iras-08544-4431_sphere_zimpol.png,Andrych,2024,MNRAS,OUP,hybrid,2411.17057,2024MNRAS.535.1763A,arxiv-preprint-figure,,not-needed
iras-15398-3359,iras-15398-3359_edisk,images/iras-15398-3359/iras-15398-3359_edisk.png,Ohashi,2023,"ApJ 951, 8",AAS/IOP,green-oa,2306.15406,2023ApJ...951....8O,arxiv-preprint-figure,,not-needed
iras-15469-5311,iras-15469-5311_vlti_pionier,images/iras-15469-5311/iras-15469-5311_vlti_pionier.png,De Prins,2026,A&A,EDP Sciences,hybrid,2605.13445,2026arXiv260513445D,arxiv-preprint-figure,,not-needed
iras-16072-2057,iras-16072-2057_destinys,images/iras-16072-2057/iras-16072-2057_destinys.png,Garufi,2026,"A&A, in press",EDP Sciences,hybrid,2603.01703,2026A&A...709A.269G,arxiv-preprint-figure,,not-needed
iras-16253-2429,iras-16253-2429_edisk,images/iras-16253-2429/iras-16253-2429_edisk.png,Ohashi,2023,"ApJ 951, 8",AAS/IOP,green-oa,2306.15406,2023ApJ...951....8O,arxiv-preprint-figure,,not-needed
iras-16342-3814,iras-16342-3814_alma_13co,images/iras-16342-3814/iras-16342-3814_alma_13co.png,Sahai,2017,ApJL,AAS/IOP,green-oa,1612.05616,2017ApJ...835L..13S,arxiv-preprint-figure,,not-needed
iras-16544-1604,iras-16544-1604_edisk,images/iras-16544-1604/iras-16544-1604_edisk.png,Ohashi,2023,"ApJ 951, 8",AAS/IOP,green-oa,2306.15406,2023ApJ...951....8O,arxiv-preprint-figure,,not-needed
iras-23077-6707,iras-23077-6707_hst,images/iras-23077-6707/iras-23077-6707_hst.jpg,Monsch,2025,"ApJ 996, 45",AAS/IOP,green-oa,2510.11819,2026ApJ...996...45M,arxiv-preprint-figure,,not-needed
iras-23077-6707,iras-23077-6707_sma,images/iras-23077-6707/iras-23077-6707_sma.png,Monsch,2024,"ApJL 967, L2",AAS/IOP,green-oa,2402.01941,2024ApJ...967L...2M,arxiv-preprint-figure,,not-needed
iras-23077-6707,iras-23077-6707_noema2025,images/iras-23077-6707/iras-23077-6707_noema2025.png,Lovell,2025,"ApJ 989, 69",AAS/IOP,green-oa,2507.00122,2025ApJ...989...69L,arxiv-preprint-figure,,not-needed
irc-10216,irc-10216_expo2015,images/irc-10216/irc-10216_expo2015.png,Jeffers,2014,"A&A 572, A3",EDP Sciences,hybrid,1412.5063,2014A&A...572A...3J,arxiv-preprint-figure,,not-needed
iso-oph-127,iso-oph-127_agepro,images/iso-oph-127/iso-oph-127_agepro.png,Zhang,2025,ApJ (2025),AAS/IOP,green-oa,2506.10719,2025ApJ...989....1Z,arxiv-preprint-figure,,not-needed
iso-oph-129,iso-oph-129_agepro,images/iso-oph-129/iso-oph-129_agepro.png,Zhang,2025,ApJ (2025),AAS/IOP,green-oa,2506.10719,2025ApJ...989....1Z,arxiv-preprint-figure,,not-needed
iso-oph-165,iso-oph-165_agepro,images/iso-oph-165/iso-oph-165_agepro.png,Zhang,2025,ApJ (2025),AAS/IOP,green-oa,2506.10719,2025ApJ...989....1Z,arxiv-preprint-figure,,not-needed
iso-oph-17,iso-oph-17_odisea,images/iso-oph-17/iso-oph-17_odisea.png,Cieza,2021,"MNRAS 501, 2934",OUP,hybrid,2012.00189,2021MNRAS.501.2934C,arxiv-preprint-figure,,not-needed
iso-oph-196,iso-oph-196_odisea,images/iso-oph-196/iso-oph-196_odisea.png,Cieza,2021,"MNRAS 501, 2934",OUP,hybrid,2012.00189,2021MNRAS.501.2934C,arxiv-preprint-figure,,not-needed
iso-oph-2,iso-oph-2_odisea,images/iso-oph-2/iso-oph-2_odisea.png,Cieza,2021,"MNRAS 501, 2934",OUP,hybrid,2012.00189,2021MNRAS.501.2934C,arxiv-preprint-figure,,not-needed
iso-oph-37,iso-oph-37_alma-agepro,images/iso-oph-37/iso-oph-37_alma-agepro.png,Ruiz-Rodriguez,2025,"ApJ 989, 2",AAS/IOP,green-oa,2506.10731,2025ApJ...989....2R,arxiv-preprint-figure,,not-needed
iso-oph-37,iso-oph-37_odisea,images/iso-oph-37/iso-oph-37_odisea.png,Cieza,2021,"MNRAS 501, 2934",OUP,hybrid,2012.00189,2021MNRAS.501.2934C,arxiv-preprint-figure,,not-needed
iso-oph-43,iso-oph-43_agepro,images/iso-oph-43/iso-oph-43_agepro.png,Zhang,2025,ApJ (2025),AAS/IOP,green-oa,2506.10719,2025ApJ...989....1Z,arxiv-preprint-figure,,not-needed
iso-oph-54,iso-oph-54_alma2018,images/iso-oph-54/iso-oph-54_alma2018.png,Sheehan,2018,ApJL,AAS/IOP,green-oa,1803.02847,2018ApJ...857...18S,arxiv-preprint-figure,,not-needed
iso-oph-54,iso-oph-54_odisea,images/iso-oph-54/iso-oph-54_odisea.png,Cieza,2021,"MNRAS 501, 2934",OUP,hybrid,2012.00189,2021MNRAS.501.2934C,arxiv-preprint-figure,,not-needed
iso-oph-94,iso-oph-94_agepro,images/iso-oph-94/iso-oph-94_agepro.png,Zhang,2025,ApJ (2025),AAS/IOP,green-oa,2506.10719,2025ApJ...989....1Z,arxiv-preprint-figure,,not-needed
iso-oph-96,iso-oph-96_nirc2-kointreau,images/iso-oph-96/iso-oph-96_nirc2-kointreau.png,Walker,2026,AJ (2026),AAS/IOP,green-oa,2602.10198,2026AJ....171..142W,arxiv-preprint-figure,,not-needed
iw-car,iw-car_vlti_pionier,images/iw-car/iw-car_vlti_pionier.png,De Prins,2026,A&A,EDP Sciences,hybrid,2605.13445,2026arXiv260513445D,arxiv-preprint-figure,,not-needed
kappa-and,kappa-and_seeds2013,images/kappa-and/kappa-and_seeds2013.png,Carson,2013,"ApJL 763, L32",AAS/IOP,green-oa,1211.3744,2013ApJ...763L..32C,arxiv-preprint-figure,,not-needed
kappa-and,kappa-and_scexao2018,images/kappa-and/kappa-and_scexao2018.png,Currie,2018,"AJ 156, 291",AAS/IOP,green-oa,1810.09457,2018AJ....156..291C,arxiv-preprint-figure,,not-needed
kappa-and,kappa-and_nirc22014-ks,images/kappa-and/kappa-and_nirc22014-ks.png,Bonnefoy,2014,"A&A 562, A111",EDP Sciences,hybrid,1308.3859,2014A&A...562A.111B,arxiv-preprint-figure,,not-needed
kappa-and,kappa-and_nirc22014-lp,images/kappa-and/kappa-and_nirc22014-lp.png,Bonnefoy,2014,"A&A 562, A111",EDP Sciences,hybrid,1308.3859,2014A&A...562A.111B,arxiv-preprint-figure,,not-needed
kappa-and,kappa-and_lbti2014,images/kappa-and/kappa-and_lbti2014.png,Bonnefoy,2014,Astronomy & Astrophysics,EDP Sciences,hybrid,1308.3859,2014A&A...562A.111B,arxiv-preprint-figure,,not-needed
kiso-a-0904-60,kiso-a-0904-60_destinys-orion,images/kiso-a-0904-60/kiso-a-0904-60_destinys-orion.png,Valegard,2024,"A&A 685, A54",EDP Sciences,hybrid,2403.02156,2024A&A...685A..54V,arxiv-preprint-figure,,not-needed
kk-oph,kk-oph_nircensus,images/kk-oph/kk-oph_nircensus.png,Garufi,2026,"A&A, in press",EDP Sciences,hybrid,2603.01703,2026A&A...709A.269G,arxiv-preprint-figure,,not-needed
l1489-irs,l1489-irs_edisk,images/l1489-irs/l1489-irs_edisk.png,Ohashi,2023,"ApJ 951, 8",AAS/IOP,green-oa,2306.15406,2023ApJ...951....8O,arxiv-preprint-figure,,not-needed
l1489-irs,l1489-irs_nicmos1999,images/l1489-irs/l1489-irs_nicmos1999.png,Padgett,1999,"AJ 117, 1490",AAS/IOP,green-oa,astro-ph/9902101,1999AJ....117.1490P,arxiv-preprint-figure,,not-needed
l1527-irs,l1527-irs_edisk,images/l1527-irs/l1527-irs_edisk.png,Ohashi,2023,"ApJ 951, 8",AAS/IOP,green-oa,2306.15406,2023ApJ...951....8O,arxiv-preprint-figure,,not-needed
l1527-irs,l1527-irs_vla-7mm,images/l1527-irs/l1527-irs_vla-7mm.png,Sheehan,2022,"ApJ 934, 95",AAS/IOP,green-oa,2206.13548,2022ApJ...934...95S,arxiv-preprint-figure,,not-needed
l1551-irs-5,l1551-irs-5_alma2019,images/l1551-irs-5/l1551-irs-5_alma2019.png,Cruz-Saenz de Miera,2019,ApJ,AAS/IOP,green-oa,1908.04649,2019ApJ...882L...4C,arxiv-preprint-figure,,not-needed
l1551-irs-5,l1551-irs-5_bima2000,images/l1551-irs-5/l1551-irs-5_bima2000.png,Looney,2000,"ApJ 529, 477",AAS/IOP,green-oa,astro-ph/9908301,2000ApJ...529..477L,arxiv-preprint-figure,,not-needed
l2-puppis,l2-puppis_alma2016,images/l2-puppis/l2-puppis_alma2016.png,Kervella,2016,A&A,EDP Sciences,hybrid,1611.06231,2016A&A...596A..92K,arxiv-preprint-figure,,not-needed
l2-puppis,l2-puppis_zimpol-v,images/l2-puppis/l2-puppis_zimpol-v.png,Kervella,2015,"A&A 578, A77",EDP Sciences,hybrid,1511.04448,2015A&A...578A..77K,arxiv-preprint-figure,,not-needed
l2-puppis,l2-puppis_zimpol-nr,images/l2-puppis/l2-puppis_zimpol-nr.png,Kervella,2015,"A&A 578, A77",EDP Sciences,hybrid,1511.04448,2015A&A...578A..77K,arxiv-preprint-figure,,not-needed
lkca-15,lkca-15_exoalma,images/lkca-15/lkca-15_exoalma.png,Curone,2025,ApJL (exoALMA special issue),AAS/IOP,green-oa,2504.18725,2025ApJ...984L...9C,arxiv-preprint-figure,,not-needed
lkca-15,lkca-15_seeds2014,images/lkca-15/lkca-15_seeds2014.png,Thalmann,2014,"A&A 566, A51",EDP Sciences,hybrid,1402.1766,2014A&A...566A..51T,arxiv-preprint-figure,,not-needed
lkca-15,lkca-15_sphere-taurus,images/lkca-15/lkca-15_sphere-taurus.png,Garufi,2024,"A&A 685, A53",EDP Sciences,hybrid,2403.02158,2024A&A...685A..53G,arxiv-preprint-figure,,not-needed
lkca-15,lkca-15_sphere-ks-rdi,images/lkca-15/lkca-15_sphere-ks-rdi.png,Ren,2023,"A&A 680, A114",EDP Sciences,hybrid,2310.08589,2023A&A...680A.114R,arxiv-preprint-figure,,not-needed
lkca-15,lkca-15_seeds,images/lkca-15/lkca-15_seeds.png,Thalmann,2010,"ApJL 718, L87",AAS/IOP,green-oa,1005.5162,2010ApJ...718L..87T,arxiv-preprint-figure,,not-needed
lkca-15,lkca-15_alice-f110w,images/lkca-15/lkca-15_alice-f110w.png,Hagan,2018,"AJ 155, 179",AAS/IOP,green-oa,1802.07754,2018AJ....155..179H,archive-product,,not-needed
lkca-15,lkca-15_keck-vortex-2024,images/lkca-15/lkca-15_keck-vortex-2024.png,Wallack,2024,"AJ 168, 78",AAS/IOP,green-oa,2408.04048,2024AJ....168...78W,arxiv-preprint-figure,,not-needed
lkca-15,lkca-15_alma-band3-2025,images/lkca-15/lkca-15_alma-band3-2025.png,Sierra,2025,"MNRAS 538, 2358",OUP,hybrid,2503.03336,2025MNRAS.538.2358S,arxiv-preprint-figure,,not-needed
lkca-15,lkca-15_sma2011,images/lkca-15/lkca-15_sma2011.png,Andrews,2011,"ApJ, 732, 42",AAS/IOP,green-oa,1103.0284,2011ApJ...732...42A,arxiv-preprint-figure,,not-needed
lkca-15,lkca-15_sphere-ks-qphi,images/lkca-15/lkca-15_sphere-ks-qphi.png,Ren,2023,"A&A 680, A114",EDP Sciences,hybrid,2310.08589,2023A&A...680A.114R,arxiv-preprint-figure,,not-needed
lkca-15,lkca-15_magao2022,images/lkca-15/lkca-15_magao2022.png,Follette,2023,AJ,AAS/IOP,green-oa,2211.02109,2023AJ....165..225F,arxiv-preprint-figure,,not-needed
lkca-15,lkca-15_exoalma-co,images/lkca-15/lkca-15_exoalma-co.png,Teague,2025,ApJL (exoALMA Focus Issue),AAS/IOP,green-oa,2504.18688,2025ApJ...984L...6T,arxiv-preprint-figure,,not-needed
lkca-15,lkca-15_sallum2023-lbt-nrm,images/lkca-15/lkca-15_sallum2023-lbt-nrm.png,Sallum,2023,"ApJ 953, 55",AAS/IOP,green-oa,2306.15069,2023ApJ...953...55S,arxiv-preprint-figure,,not-needed
lkha-233,lkha-233_hstfoc1995,images/lkha-233/lkha-233_hstfoc1995.png,Marin,2025,A&A,EDP Sciences,hybrid,2505.16731,2025A&A...699A.120M,arxiv-preprint-figure,,not-needed
lkha-263c,lkha-263c_jedice,images/lkha-263c/lkha-263c_jedice.png,Bergner,2026,"ApJ 1002, 17",AAS/IOP,green-oa,2603.18163,2026ApJ..1002...17B,arxiv-preprint-figure,,not-needed
lkha-330,lkha-330_sphere-ks-rdi,images/lkha-330/lkha-330_sphere-ks-rdi.png,Ren,2023,"A&A 680, A114",EDP Sciences,hybrid,2310.08589,2023A&A...680A.114R,arxiv-preprint-figure,,not-needed
lkha-330,lkha-330_seeds,images/lkha-330/lkha-330_seeds.png,Tamura,2016,"Proc. Japan Acad. Ser. B 92, 45",unknown,unknown,,2016PJAB...92...45T,publisher-pdf,,not-needed
lkha-330,lkha-330_keck-vortex-2024,images/lkha-330/lkha-330_keck-vortex-2024.png,Wallack,2024,"AJ 168, 78",AAS/IOP,green-oa,2408.04048,2024AJ....168...78W,arxiv-preprint-figure,,not-needed
lkha-330,lkha-330_alma2022,images/lkha-330/lkha-330_alma2022.png,Pinilla,2022,"Astronomy & Astrophysics (A&A 665, A128)",EDP Sciences,hybrid,2206.09975,2022A&A...665A.128P,arxiv-preprint-figure,,not-needed
lkha-330,lkha-330_sphere-pinilla22,images/lkha-330/lkha-330_sphere-pinilla22.png,Pinilla,2022,A&A (2022),EDP Sciences,hybrid,2206.09975,2022A&A...665A.128P,arxiv-preprint-figure,,not-needed
lkha-330,lkha-330_sphere-ks-qphi,images/lkha-330/lkha-330_sphere-ks-qphi.png,Ren,2023,"A&A 680, A114",EDP Sciences,hybrid,2310.08589,2023A&A...680A.114R,arxiv-preprint-figure,,not-needed
lkha-345,lkha-345_nircensus,images/lkha-345/lkha-345_nircensus.png,Garufi,2026,"A&A, in press",EDP Sciences,hybrid,2603.01703,2026A&A...709A.269G,arxiv-preprint-figure,,not-needed
lkha-348,lkha-348_nircensus,images/lkha-348/lkha-348_nircensus.png,Garufi,2026,"A&A, in press",EDP Sciences,hybrid,2603.01703,2026A&A...709A.269G,arxiv-preprint-figure,,not-needed
lspm-j1446,lspm-j1446_nirc2-uyama25,images/lspm-j1446/lspm-j1446_nirc2-uyama25.png,Uyama,2025,AJ (2025),AAS/IOP,green-oa,2509.13587,2025AJ....170..272U,arxiv-preprint-figure,,not-needed
lup-160703,lup-160703_alma-martinien,images/lup-160703/lup-160703_alma-martinien.png,Martinien,2026,A&A (2026),EDP Sciences,hybrid,2604.11247,2026A&A...710A.140M,arxiv-preprint-figure,,not-needed
lup-160708,lup-160708_alma-martinien,images/lup-160708/lup-160708_alma-martinien.png,Martinien,2026,A&A (2026),EDP Sciences,hybrid,2604.11247,2026A&A...710A.140M,arxiv-preprint-figure,,not-needed
mwc-297,mwc-297_gemini-lights,images/mwc-297/mwc-297_gemini-lights.png,Rich,2022,"AJ 164, 109",AAS/IOP,green-oa,2206.05815,2022AJ....164..109R,arxiv-preprint-figure,,not-needed
mwc-297,mwc-297_lbti2020,images/mwc-297/mwc-297_lbti2020.png,Sallum,2020,"AJ 161, 28 (2021)",AAS/IOP,green-oa,2011.07082,2021AJ....161...28S,arxiv-preprint-figure,,not-needed
mwc-297,mwc-297_sphere2020,images/mwc-297/mwc-297_sphere2020.png,Ubeira-Gabellini,2020,"ApJL 890, L8",AAS/IOP,green-oa,2002.01946,2020ApJ...890L...8U,arxiv-preprint-figure,,not-needed
mwc-480,mwc-480_taurus-long2018,images/mwc-480/mwc-480_taurus-long2018.png,Long,2018,"ApJ 869, 17",AAS/IOP,green-oa,1810.06044,2018ApJ...869...17L,arxiv-preprint-figure,,not-needed
mwc-480,mwc-480_sphere-taurus,images/mwc-480/mwc-480_sphere-taurus.png,Garufi,2024,"A&A 685, A53",EDP Sciences,hybrid,2403.02158,2024A&A...685A..53G,arxiv-preprint-figure,,not-needed
mwc-480,mwc-480_seeds,images/mwc-480/mwc-480_seeds.png,Kusakabe,2012,"ApJ 753, 153",AAS/IOP,green-oa,1205.3159,2012ApJ...753..153K,arxiv-preprint-figure,,not-needed
mwc-480,mwc-480_scexao-mullin,images/mwc-480/mwc-480_scexao-mullin.png,Mullin,2026,AJ (2026),AAS/IOP,green-oa,2602.20346,2026AJ....171..241M,arxiv-preprint-figure,,not-needed
mwc-480,mwc-480_alma-maps2021,images/mwc-480/mwc-480_alma-maps2021.png,Oberg,2021,"ApJS, 257, 1",AAS/IOP,green-oa,2109.06268,2021ApJS..257....1O,arxiv-preprint-figure,,not-needed
mwc-480,mwc-480_bima2006,images/mwc-480/mwc-480_bima2006.png,Hamidouche,2006,"ApJ 651, 321",AAS/IOP,green-oa,astro-ph/0607232,2006ApJ...651..321H,arxiv-preprint-figure,,not-needed
mwc-480,mwc-480_sphere-ks-qphi,images/mwc-480/mwc-480_sphere-ks-qphi.png,Ren,2023,"A&A 680, A114",EDP Sciences,hybrid,2310.08589,2023A&A...680A.114R,arxiv-preprint-figure,,not-needed
mwc-614,mwc-614_gemini-lights,images/mwc-614/mwc-614_gemini-lights.png,Rich,2022,"AJ 164, 109",AAS/IOP,green-oa,2206.05815,2022AJ....164..109R,arxiv-preprint-figure,,not-needed
mwc-614,mwc-614_zimpol2018,images/mwc-614/mwc-614_zimpol2018.png,Kluska,2018,"ApJ 855, 44",AAS/IOP,green-oa,1803.02419,2018ApJ...855...44K,arxiv-preprint-figure,,not-needed
mwc-758,mwc-758_exoalma,images/mwc-758/mwc-758_exoalma.png,Curone,2025,ApJL (exoALMA special issue),AAS/IOP,green-oa,2504.18725,2025ApJ...984L...9C,arxiv-preprint-figure,,not-needed
mwc-758,mwc-758_alma2018,images/mwc-758/mwc-758_alma2018.png,Dong,2018,"ApJ 860, 124",AAS/IOP,green-oa,1805.12141,2018ApJ...860..124D,arxiv-preprint-figure,,not-needed
mwc-758,mwc-758_sphere2015,images/mwc-758/mwc-758_sphere2015.png,Benisty,2015,"A&A 578, L6",EDP Sciences,hybrid,1505.05325,2015A&A...578L...6B,arxiv-preprint-figure,,not-needed
mwc-758,mwc-758_sphere-taurus,images/mwc-758/mwc-758_sphere-taurus.png,Garufi,2024,"A&A 685, A53",EDP Sciences,hybrid,2403.02158,2024A&A...685A..53G,arxiv-preprint-figure,,not-needed
mwc-758,mwc-758_sphere-ks-rdi,images/mwc-758/mwc-758_sphere-ks-rdi.png,Ren,2023,"A&A 680, A114",EDP Sciences,hybrid,2310.08589,2023A&A...680A.114R,arxiv-preprint-figure,,not-needed
mwc-758,mwc-758_seeds,images/mwc-758/mwc-758_seeds.png,Grady,2013,"ApJ 762, 48",AAS/IOP,green-oa,1212.1466,2013ApJ...762...48G,arxiv-preprint-figure,,not-needed
mwc-758,mwc-758_alice-f110w,images/mwc-758/mwc-758_alice-f110w.png,Hagan,2018,"AJ 155, 179",AAS/IOP,green-oa,1802.07754,2018AJ....155..179H,archive-product,,not-needed
mwc-758,mwc-758_keck-vortex-2024,images/mwc-758/mwc-758_keck-vortex-2024.png,Wallack,2024,"AJ 168, 78",AAS/IOP,green-oa,2408.04048,2024AJ....168...78W,arxiv-preprint-figure,,not-needed
mwc-758,mwc-758_jwst2024,images/mwc-758/mwc-758_jwst2024.png,Wagner,2024,The Astronomical Journal,AAS/IOP,green-oa,2401.02830,2024AJ....167..181W,arxiv-preprint-figure,,not-needed
mwc-758,mwc-758_lbti2019-lp,images/mwc-758/mwc-758_lbti2019-lp.png,Wagner,2019,ApJ,AAS/IOP,green-oa,1907.06655,2019ApJ...882...20W,arxiv-preprint-figure,,not-needed
mwc-758,mwc-758_lbti2019-mp,images/mwc-758/mwc-758_lbti2019-mp.png,Wagner,2019,ApJ,AAS/IOP,green-oa,1907.06655,2019ApJ...882...20W,arxiv-preprint-figure,,not-needed
mwc-758,mwc-758_lbti2023,images/mwc-758/mwc-758_lbti2023.png,Wagner,2023,Nature Astronomy,Springer Nature,restrictive,2307.04021,2023NatAs...7.1208W,arxiv-preprint-figure,Y,not-needed
mwc-758,mwc-758_sphere-ks-qphi,images/mwc-758/mwc-758_sphere-ks-qphi.png,Ren,2023,"A&A 680, A114",EDP Sciences,hybrid,2310.08589,2023A&A...680A.114R,arxiv-preprint-figure,,not-needed
mwc-758,mwc-758_sphere-rdi-xie22,images/mwc-758/mwc-758_sphere-rdi-xie22.png,Xie,2022,"A&A 666, A32",EDP Sciences,hybrid,2208.07915,2022A&A...666A..32X,arxiv-preprint-figure,,not-needed
mwc-758,mwc-758_exoalma-co,images/mwc-758/mwc-758_exoalma-co.png,Teague,2025,ApJL (exoALMA Focus Issue),AAS/IOP,green-oa,2504.18688,2025ApJ...984L...6T,arxiv-preprint-figure,,not-needed
mwc-758,mwc-758_nicmos-ren18,images/mwc-758/mwc-758_nicmos-ren18.png,Ren,2018,ApJL,AAS/IOP,green-oa,1803.06776,2018ApJ...857L...9R,arxiv-preprint-figure,,not-needed
mwc-758,mwc-758_ren2020,images/mwc-758/mwc-758_ren2020.png,Ren,2020,ApJL,AAS/IOP,green-oa,2007.04980,2020ApJ...898L..38R,arxiv-preprint-figure,,not-needed
mwc-789,mwc-789_gemini-lights,images/mwc-789/mwc-789_gemini-lights.png,Rich,2022,"AJ 164, 109",AAS/IOP,green-oa,2206.05815,2022AJ....164..109R,arxiv-preprint-figure,,not-needed
my-lup,my-lup_dsharp,images/my-lup/my-lup_dsharp.png,Andrews,2018,"ApJL 869, L41",AAS/IOP,green-oa,1812.04040,2018ApJ...869L..41A,arxiv-preprint-figure,,not-needed
my-lup,my-lup_dartts-s,images/my-lup/my-lup_dartts-s.png,Avenhaus,2018,"ApJ 863, 44",AAS/IOP,green-oa,1803.10882,2018ApJ...863...44A,arxiv-preprint-figure,,not-needed
ngc-1068,ngc-1068_sphere2015,images/ngc-1068/ngc-1068_sphere2015.png,Gratadour,2015,"A&A 581, L8",EDP Sciences,hybrid,,2015A&A...581L...8G,publisher-pdf,,not-needed
ngc-1068,ngc-1068_sphere2019-ks,images/ngc-1068/ngc-1068_sphere2019-ks.png,Rouan,2019,"A&A 625, A100",EDP Sciences,hybrid,1809.10254,2019A&A...625A.100R,arxiv-preprint-figure,,not-needed
ngc-1068,ngc-1068_sphere2019-h,images/ngc-1068/ngc-1068_sphere2019-h.png,Rouan,2019,"A&A 625, A100",EDP Sciences,hybrid,1809.10254,2019A&A...625A.100R,arxiv-preprint-figure,,not-needed
ngc-1068,ngc-1068_sphere2021,images/ngc-1068/ngc-1068_sphere2021.png,Grosset,2021,"A&A 648, A42",EDP Sciences,hybrid,2102.06339,2021A&A...648A..42G,arxiv-preprint-figure,,not-needed
ngc-1068,ngc-1068_gravity2020,images/ngc-1068/ngc-1068_gravity2020.png,GRAVITY Collaboration,2020,Astronomy & Astrophysics,EDP Sciences,hybrid,1912.01361,2020A&A...634A...1G,arxiv-preprint-figure,,not-needed
ngc-1068,ngc-1068_alma2016,images/ngc-1068/ngc-1068_alma2016.png,Garcia-Burillo,2016,"ApJL 823, L12",AAS/IOP,green-oa,1604.00205,2016ApJ...823L..12G,arxiv-preprint-figure,,not-needed
ngc-1068,ngc-1068_vla1996,images/ngc-1068/ngc-1068_vla1996.png,Gallimore,1996,"ApJ 458, 136",AAS/IOP,green-oa,,1996ApJ...458..136G,publisher-pdf,,not-needed
ny-ori,ny-ori_zurlo2024,images/ny-ori/ny-ori_zurlo2024.png,Zurlo,2024,"A&A 686, A309",EDP Sciences,hybrid,2403.12124,2024A&A...686A.309Z,arxiv-preprint-figure,,not-needed
oph-162305,oph-162305_alma-martinien,images/oph-162305/oph-162305_alma-martinien.png,Martinien,2026,A&A (2026),EDP Sciences,hybrid,2604.11247,2026A&A...710A.140M,arxiv-preprint-figure,,not-needed
oph-162305,oph-162305_alma-agepro,images/oph-162305/oph-162305_alma-agepro.png,Ruiz-Rodriguez,2025,"ApJ 989, 2",AAS/IOP,green-oa,2506.10731,2025ApJ...989....2R,arxiv-preprint-figure,,not-needed
oph-163131,oph-163131_edgeon-alma2020,images/oph-163131/oph-163131_edgeon-alma2020.png,Villenave,2020,"A&A 642, A164",EDP Sciences,hybrid,2008.06518,2020A&A...642A.164V,arxiv-preprint-figure,,not-needed
oph-163131,oph-163131_alma2022,images/oph-163131/oph-163131_alma2022.png,Villenave,2022,"ApJ 930, 11",AAS/IOP,green-oa,2204.00640,2022ApJ...930...11V,arxiv-preprint-figure,,not-needed
oph-163131,oph-163131_alma2022-zoom,images/oph-163131/oph-163131_alma2022-zoom.png,Villenave,2022,"ApJ 930, 11",AAS/IOP,green-oa,2204.00640,2022ApJ...930...11V,arxiv-preprint-figure,,not-needed
oph-163131,oph-163131_jwst2024,images/oph-163131/oph-163131_jwst2024.png,Villenave,2024,"ApJ 975, 235",AAS/IOP,green-oa,2410.00156,2024ApJ...975..235V,arxiv-preprint-figure,,not-needed
oph-163131,oph-163131_hst2021,images/oph-163131/oph-163131_hst2021.png,Wolff,2021,"The Astronomical Journal, 161, 238",AAS/IOP,green-oa,2103.02665,2021AJ....161..238W,arxiv-preprint-figure,,not-needed
oph-163131,oph-163131_keck2021,images/oph-163131/oph-163131_keck2021.png,Wolff,2021,"The Astronomical Journal, 161, 238",AAS/IOP,green-oa,2103.02665,2021AJ....161..238W,arxiv-preprint-figure,,not-needed
oph-irs-44,oph-irs-44_alma2026,images/oph-irs-44/oph-irs-44_alma2026.png,Artur de la Villarmois,2026,A&A,EDP Sciences,hybrid,2601.04108,2026A&A...706A.256A,arxiv-preprint-figure,,not-needed
oph-irs-48,oph-irs-48_alma2013,images/oph-irs-48/oph-irs-48_alma2013.png,van der Marel,2013,"Science 340, 1199",AAAS,restrictive,1306.1768,2013Sci...340.1199V,arxiv-preprint-figure,Y,not-needed
oph-irs-48,oph-irs-48_seeds,images/oph-irs-48/oph-irs-48_seeds.png,Follette,2015,"ApJ 798, 132",AAS/IOP,green-oa,1411.0671,2015ApJ...798..132F,arxiv-preprint-figure,,not-needed
oph-irs-48,oph-irs-48_sma2012,images/oph-irs-48/oph-irs-48_sma2012.png,Brown,2012,"The Astrophysical Journal Letters, 758, L30",AAS/IOP,green-oa,1209.1641,2012ApJ...758L..30B,arxiv-preprint-figure,,not-needed
oph-irs-48,oph-irs-48_comics2018,images/oph-irs-48/oph-irs-48_comics2018.png,Honda,2018,"Publications of the Astronomical Society of Japan, 70, 44",AAS/IOP,green-oa,1804.02145,2018PASJ...70...44H,arxiv-preprint-figure,,not-needed
oph-irs-48,oph-irs-48_naco2017,images/oph-irs-48/oph-irs-48_naco2017.png,Schworer,2017,"ApJ 842, 77",AAS/IOP,green-oa,1706.06678,2017ApJ...842...77S,arxiv-preprint-figure,,not-needed
oph-irs-48,oph-irs-48_vla2015,images/oph-irs-48/oph-irs-48_vla2015.png,van der Marel,2015,"ApJL 810, L7",AAS/IOP,green-oa,1508.01003,2015ApJ...810L...7V,arxiv-preprint-figure,,not-needed
oph-irs43,oph-irs43_edisk,images/oph-irs43/oph-irs43_edisk.png,Ohashi,2023,"ApJ 951, 8",AAS/IOP,green-oa,2306.15406,2023ApJ...951....8O,arxiv-preprint-figure,,not-needed
orion-src-i,orion-src-i_alma2021,images/orion-src-i/orion-src-i_alma2021.png,Wright,2022,"ApJ 924, 107",AAS/IOP,green-oa,2110.13838,2022ApJ...924..107W,arxiv-preprint-figure,,not-needed
pds-110,pds-110_destinys-orion,images/pds-110/pds-110_destinys-orion.png,Valegard,2024,"A&A 685, A54",EDP Sciences,hybrid,2403.02156,2024A&A...685A..54V,arxiv-preprint-figure,,not-needed
pds-113,pds-113_destinys-orion,images/pds-113/pds-113_destinys-orion.png,Valegard,2024,"A&A 685, A54",EDP Sciences,hybrid,2403.02156,2024A&A...685A..54V,arxiv-preprint-figure,,not-needed
pds-144-n,pds-144-n_alma-martinien,images/pds-144-n/pds-144-n_alma-martinien.png,Martinien,2026,A&A (2026),EDP Sciences,hybrid,2604.11247,2026A&A...710A.140M,arxiv-preprint-figure,,not-needed
pds-144-n,pds-144-n_nirc22006,images/pds-144-n/pds-144-n_nirc22006.png,Perrin,2006,ApJ,AAS/IOP,green-oa,astro-ph/0603667,2006ApJ...645.1272P,arxiv-preprint-figure,,not-needed
pds-144-n,pds-144-n_acsstis2011,images/pds-144-n/pds-144-n_acsstis2011.png,Hornbeck,2012,"ApJ 744, 54",AAS/IOP,green-oa,1201.0173,2012ApJ...744...54H,arxiv-preprint-figure,,not-needed
pds-144-n,pds-144-n_nicmos-go11155-1um,images/pds-144-n/pds-144-n_nicmos-go11155-1um.png,Perrin,2009,AAS Meeting 213 (poster),AAS (abstract),green-oa,,2009AAS...21340903P,publisher-pdf,,not-needed
pds-144-n,pds-144-n_nicmos-go11155-pol2um,images/pds-144-n/pds-144-n_nicmos-go11155-pol2um.png,Perrin,2009,AAS Meeting 213 (poster),AAS (abstract),green-oa,,2009AAS...21340903P,publisher-pdf,,not-needed
pds-201,pds-201_sphere-ks-rdi,images/pds-201/pds-201_sphere-ks-rdi.png,Ren,2023,"A&A 680, A114",EDP Sciences,hybrid,2310.08589,2023A&A...680A.114R,arxiv-preprint-figure,,not-needed
pds-201,pds-201_destinys-orion,images/pds-201/pds-201_destinys-orion.png,Valegard,2024,"A&A 685, A54",EDP Sciences,hybrid,2403.02156,2024A&A...685A..54V,arxiv-preprint-figure,,not-needed
pds-201,pds-201_lbti-ks,images/pds-201/pds-201_lbti-ks.png,Wagner,2020,"AJ 159, 252",AAS/IOP,green-oa,2004.06157,2020AJ....159..252W,arxiv-preprint-figure,,not-needed
pds-201,pds-201_lbti-lprime,images/pds-201/pds-201_lbti-lprime.png,Wagner,2020,"AJ 159, 252",AAS/IOP,green-oa,2004.06157,2020AJ....159..252W,arxiv-preprint-figure,,not-needed
pds-201,pds-201_lbti-lprime-vapp,images/pds-201/pds-201_lbti-lprime-vapp.png,Wagner,2020,"AJ 159, 252",AAS/IOP,green-oa,2004.06157,2020AJ....159..252W,arxiv-preprint-figure,,not-needed
pds-201,pds-201_sphere-ks-qphi,images/pds-201/pds-201_sphere-ks-qphi.png,Ren,2023,"A&A 680, A114",EDP Sciences,hybrid,2310.08589,2023A&A...680A.114R,arxiv-preprint-figure,,not-needed
pds-201,pds-201_dikl-klip,images/pds-201/pds-201_dikl-klip.png,Ren,2023,"A&A 679, A18",EDP Sciences,hybrid,2308.16912,2023A&A...679A..18R,arxiv-preprint-figure,,not-needed
pds-201,pds-201_dikl-dikl,images/pds-201/pds-201_dikl-dikl.png,Ren,2023,"A&A 679, A18",EDP Sciences,hybrid,2308.16912,2023A&A...679A..18R,arxiv-preprint-figure,,not-needed
pds-277,pds-277_destinys,images/pds-277/pds-277_destinys.png,Garufi,2026,"A&A, in press",EDP Sciences,hybrid,2603.01703,2026A&A...709A.269G,arxiv-preprint-figure,,not-needed
pds-415,pds-415_destinys,images/pds-415/pds-415_destinys.png,Garufi,2026,"A&A, in press",EDP Sciences,hybrid,2603.01703,2026A&A...709A.269G,arxiv-preprint-figure,,not-needed
pds-453,pds-453_sphere2018,images/pds-453/pds-453_sphere2018.png,Martinien,2024,"A&A 692, A111",EDP Sciences,hybrid,2411.04741,2024A&A...692A.111M,arxiv-preprint-figure,,not-needed
pds-453,pds-453_nicmos-f110w,images/pds-453/pds-453_nicmos-f110w.png,Martinien,2024,"A&A 692, A111",EDP Sciences,hybrid,2411.04741,2024A&A...692A.111M,arxiv-preprint-figure,,not-needed
pds-453,pds-453_nicmos-go11155-pol2um,images/pds-453/pds-453_nicmos-go11155-pol2um.png,Perrin,2009,AAS Meeting 213 (poster),AAS (abstract),green-oa,,2009AAS...21340903P,publisher-pdf,,not-needed
pds-66,pds-66_exoalma,images/pds-66/pds-66_exoalma.png,Curone,2025,ApJL (exoALMA special issue),AAS/IOP,green-oa,2504.18725,2025ApJ...984L...9C,arxiv-preprint-figure,,not-needed
pds-66,pds-66_dartts-s,images/pds-66/pds-66_dartts-s.png,Avenhaus,2018,"ApJ 863, 44",AAS/IOP,green-oa,1803.10882,2018ApJ...863...44A,arxiv-preprint-figure,,not-needed
pds-66,pds-66_gemini-lights,images/pds-66/pds-66_gemini-lights.png,Rich,2022,"AJ 164, 109",AAS/IOP,green-oa,2206.05815,2022AJ....164..109R,arxiv-preprint-figure,,not-needed
pds-66,pds-66_sphere-ks-rdi,images/pds-66/pds-66_sphere-ks-rdi.png,Ren,2023,"A&A 680, A114",EDP Sciences,hybrid,2310.08589,2023A&A...680A.114R,arxiv-preprint-figure,,not-needed
pds-66,pds-66_stis-schneider14,images/pds-66/pds-66_stis-schneider14.png,Schneider,2014,"AJ 148, 59",AAS/IOP,green-oa,1406.7303,2014AJ....148...59S,arxiv-preprint-figure,,not-needed
pds-66,pds-66_naco-pippin,images/pds-66/pds-66_naco-pippin.png,de Regt,2024,"A&A 684, A73",EDP Sciences,hybrid,2404.02222,2024A&A...684A..73D,arxiv-preprint-figure,,not-needed
pds-66,pds-66_alice-f110w,images/pds-66/pds-66_alice-f110w.png,Hagan,2018,"AJ 155, 179",AAS/IOP,green-oa,1802.07754,2018AJ....155..179H,archive-product,,not-needed
pds-66,pds-66_sphere-ks-qphi,images/pds-66/pds-66_sphere-ks-qphi.png,Ren,2023,"A&A 680, A114",EDP Sciences,hybrid,2310.08589,2023A&A...680A.114R,arxiv-preprint-figure,,not-needed
pds-66,pds-66_alma3mm2025,images/pds-66/pds-66_alma3mm2025.png,Ribas,2025,"Nature Astronomy 9, 1176",Springer Nature,restrictive,2507.11612,2025NatAs...9.1176R,arxiv-preprint-figure,Y,not-needed
pds-66,pds-66_exoalma-co,images/pds-66/pds-66_exoalma-co.png,Teague,2025,ApJL (exoALMA Focus Issue),AAS/IOP,green-oa,2504.18688,2025ApJ...984L...6T,arxiv-preprint-figure,,not-needed
pds-66,pds-66_gpi_hband,images/pds-66/pds-66_gpi_hband.png,Wolff,2016,ApJ,AAS/IOP,green-oa,1601.07248,2016ApJ...818L..15W,arxiv-preprint-figure,,not-needed
pds-70,pds-70_alma2021,images/pds-70/pds-70_alma2021.png,Benisty,2021,"ApJL 916, L2",AAS/IOP,green-oa,2108.07123,2021ApJ...916L...2B,arxiv-preprint-figure,,not-needed
pds-70,pds-70_sphere2018,images/pds-70/pds-70_sphere2018.png,Keppler,2018,"A&A 617, A44",EDP Sciences,hybrid,1806.11568,2018A&A...617A..44K,arxiv-preprint-figure,,not-needed
pds-70,pds-70_muse2019,images/pds-70/pds-70_muse2019.png,Haffert,2019,"Nature Astronomy 3, 749",Springer Nature,restrictive,1906.01486,2019NatAs...3..749H,arxiv-preprint-figure,Y,not-needed
pds-70,pds-70_sphere2016-k1,images/pds-70/pds-70_sphere2016-k1.png,Haffert,2019,"Nature Astronomy 3, 749",Springer Nature,restrictive,1906.01486,2019NatAs...3..749H,arxiv-preprint-figure,Y,not-needed
pds-70,pds-70_jwst2024,images/pds-70/pds-70_jwst2024.png,Christiaens,2024,"A&A 685, L1",EDP Sciences,hybrid,2403.04855,2024A&A...685L...1C,arxiv-preprint-figure,,not-needed
pds-70,pds-70_seeds,images/pds-70/pds-70_seeds.png,Hashimoto,2012,"ApJL 758, L19",AAS/IOP,green-oa,1208.2075,2012ApJ...758L..19H,arxiv-preprint-figure,,not-needed
pds-70,pds-70_keck2020,images/pds-70/pds-70_keck2020.png,Wang,2020,"AJ 159, 263",AAS/IOP,green-oa,2004.09597,2020AJ....159..263W,arxiv-preprint-figure,,not-needed
pds-70,pds-70_keck-vortex-2024,images/pds-70/pds-70_keck-vortex-2024.png,Wallack,2024,"AJ 168, 78",AAS/IOP,green-oa,2408.04048,2024AJ....168...78W,arxiv-preprint-figure,,not-needed
pds-70,pds-70_sphere-rdi-xie22,images/pds-70/pds-70_sphere-rdi-xie22.png,Xie,2022,"A&A 666, A32",EDP Sciences,hybrid,2208.07915,2022A&A...666A..32X,arxiv-preprint-figure,,not-needed
pds-70,pds-70_muse2020,images/pds-70/pds-70_muse2020.png,Xie,2020,"A&A 644, A149",EDP Sciences,hybrid,2011.08043,2020A&A...644A.149X,arxiv-preprint-figure,,not-needed
pds-70,pds-70_eris2025,images/pds-70/pds-70_eris2025.png,Maio,2025,Astronomy & Astrophysics,EDP Sciences,hybrid,2504.19810,2025A&A...698A..52M,arxiv-preprint-figure,,not-needed
pds-70,pds-70_wfc3halpha2024,images/pds-70/pds-70_wfc3halpha2024.png,Zhou,2025,ApJL,AAS/IOP,green-oa,2502.14024,2025ApJ...980L..39Z,arxiv-preprint-figure,,not-needed
pds-70,pds-70_alma-b3-2024,images/pds-70/pds-70_alma-b3-2024.png,Doi,2024,"ApJL 974, L25",AAS/IOP,green-oa,2408.09216,2024ApJ...974L..25D,arxiv-preprint-figure,,not-needed
pds-70,pds-70_wfc3rdi,images/pds-70/pds-70_wfc3rdi.png,Sanghi,2021,AJ,AAS/IOP,green-oa,2112.10777,2022AJ....163..119S,arxiv-preprint-figure,,not-needed
pds-70,pds-70_magao-wagner2018,images/pds-70/pds-70_magao-wagner2018.png,Wagner,2018,"ApJL 863, L8",AAS/IOP,green-oa,1807.10766,2018ApJ...863L...8W,arxiv-preprint-figure,,not-needed
pg-0953-414,pg-0953-414_bahcall1994,images/pg-0953-414/pg-0953-414_bahcall1994.png,Bahcall,1994,"ApJL 435, L11",AAS/IOP,green-oa,astro-ph/9409028,1994ApJ...435L..11B,arxiv-preprint-figure,,not-needed
pg-0953-414,pg-0953-414_acshrc2006,images/pg-0953-414/pg-0953-414_acshrc2006.png,Bentz,2009,"ApJ 697, 160",AAS/IOP,green-oa,0812.2283,2009ApJ...697..160B,arxiv-preprint-figure,,not-needed
pg-1116-215,pg-1116-215_bahcall1994,images/pg-1116-215/pg-1116-215_bahcall1994.png,Bahcall,1994,"ApJL 435, L11",AAS/IOP,green-oa,astro-ph/9409028,1994ApJ...435L..11B,arxiv-preprint-figure,,not-needed
pg-1116-215,pg-1116-215_nicmos2009,images/pg-1116-215/pg-1116-215_nicmos2009.png,Veilleux,2009,"ApJ 701, 587",AAS/IOP,green-oa,0906.3157,2009ApJ...701..587V,arxiv-preprint-figure,,not-needed
pg-1202-281,pg-1202-281_bahcall1994,images/pg-1202-281/pg-1202-281_bahcall1994.png,Bahcall,1994,"ApJL 435, L11",AAS/IOP,green-oa,astro-ph/9409028,1994ApJ...435L..11B,arxiv-preprint-figure,,not-needed
pg-1307-085,pg-1307-085_bahcall1994,images/pg-1307-085/pg-1307-085_bahcall1994.png,Bahcall,1994,"ApJL 435, L11",AAS/IOP,green-oa,astro-ph/9409028,1994ApJ...435L..11B,arxiv-preprint-figure,,not-needed
pg-1307-085,pg-1307-085_muse2015,images/pg-1307-085/pg-1307-085_muse2015.png,Husemann,2015,"MNRAS 455, 1905",OUP,hybrid,1510.03864,2016MNRAS.455.1905H,arxiv-preprint-figure,,not-needed
pg-1307-085,pg-1307-085_nicmos2009,images/pg-1307-085/pg-1307-085_nicmos2009.png,Veilleux,2009,"ApJ 701, 587",AAS/IOP,green-oa,0906.3157,2009ApJ...701..587V,arxiv-preprint-figure,,not-needed
pg-1444-407,pg-1444-407_bahcall1995,images/pg-1444-407/pg-1444-407_bahcall1995.png,Bahcall,1995,"ApJ 450, 486",AAS/IOP,green-oa,astro-ph/9501018,1995ApJ...450..486B,arxiv-preprint-figure,,not-needed
pi1-gruis,pi1-gruis_alma2020,images/pi1-gruis/pi1-gruis_alma2020.png,Doan,2020,A&A,EDP Sciences,hybrid,1911.10756,2020A&A...633A..13D,arxiv-preprint-figure,,not-needed
pks-1302-102,pks-1302-102_bahcall1995,images/pks-1302-102/pks-1302-102_bahcall1995.png,Bahcall,1995,"ApJ 450, 486",AAS/IOP,green-oa,astro-ph/9501018,1995ApJ...450..486B,arxiv-preprint-figure,,not-needed
pks-1302-102,pks-1302-102_subaru2006,images/pks-1302-102/pks-1302-102_subaru2006.png,Guyon,2006,"ApJS 166, 89",AAS/IOP,green-oa,astro-ph/0605079,2006ApJS..166...89G,arxiv-preprint-figure,,not-needed
ps-gem,ps-gem_vlti_pionier,images/ps-gem/ps-gem_vlti_pionier.png,De Prins,2026,A&A,EDP Sciences,hybrid,2605.13445,2026arXiv260513445D,arxiv-preprint-figure,,not-needed
pz-tel,pz-tel_nici2010,images/pz-tel/pz-tel_nici2010.png,Biller,2010,"ApJL 720, L82",AAS/IOP,green-oa,1007.4808,2010ApJ...720L..82B,arxiv-preprint-figure,,not-needed
r-aqr,r-aqr_vampires2024,images/r-aqr/r-aqr_vampires2024.png,Lucas,2024,"PASP 136, 114504",AAS/IOP,green-oa,2410.12199,2024PASP..136k4504L,arxiv-preprint-figure,,not-needed
r-cra-iras-32,r-cra-iras-32_edisk,images/r-cra-iras-32/r-cra-iras-32_edisk.png,Ohashi,2023,"ApJ 951, 8",AAS/IOP,green-oa,2306.15406,2023ApJ...951....8O,arxiv-preprint-figure,,not-needed
r-cra-irs5n,r-cra-irs5n_edisk,images/r-cra-irs5n/r-cra-irs5n_edisk.png,Ohashi,2023,"ApJ 951, 8",AAS/IOP,green-oa,2306.15406,2023ApJ...951....8O,arxiv-preprint-figure,,not-needed
r-cra-irs7b,r-cra-irs7b_edisk,images/r-cra-irs7b/r-cra-irs7b_edisk.png,Ohashi,2023,"ApJ 951, 8",AAS/IOP,green-oa,2306.15406,2023ApJ...951....8O,arxiv-preprint-figure,,not-needed
roxs-42b,roxs-42b_keck2014,images/roxs-42b/roxs-42b_keck2014.png,Currie,2014,"ApJL 780, L30",AAS/IOP,green-oa,1310.4825,2014ApJ...780L..30C,arxiv-preprint-figure,,not-needed
ru-cen,ru-cen_sphere_irdis,images/ru-cen/ru-cen_sphere_irdis.png,Andrych,2023,MNRAS,OUP,hybrid,2307.16598,2023MNRAS.524.4168A,arxiv-preprint-figure,,not-needed
ru-lup,ru-lup_dsharp,images/ru-lup/ru-lup_dsharp.png,Andrews,2018,"ApJL 869, L41",AAS/IOP,green-oa,1812.04040,2018ApJ...869L..41A,arxiv-preprint-figure,,not-needed
ru-lup,ru-lup_dartts-s,images/ru-lup/ru-lup_dartts-s.png,Avenhaus,2018,"ApJ 863, 44",AAS/IOP,green-oa,1803.10882,2018ApJ...863...44A,arxiv-preprint-figure,,not-needed
ru-lup,ru-lup_dartts-s-j,images/ru-lup/ru-lup_dartts-s-j.png,Avenhaus,2018,"ApJ 863, 44",AAS/IOP,green-oa,1803.10882,2018ApJ...863...44A,arxiv-preprint-figure,,not-needed
ru-lup,ru-lup_alma-co2020,images/ru-lup/ru-lup_alma-co2020.png,Huang,2020,"ApJ 898, 140",AAS/IOP,green-oa,2007.02974,2020ApJ...898..140H,arxiv-preprint-figure,,not-needed
rv-ori,rv-ori_destinys-orion,images/rv-ori/rv-ori_destinys-orion.png,Valegard,2024,"A&A 685, A54",EDP Sciences,hybrid,2403.02156,2024A&A...685A..54V,arxiv-preprint-figure,,not-needed
rw-aur,rw-aur_sphere-taurus,images/rw-aur/rw-aur_sphere-taurus.png,Garufi,2024,"A&A 685, A53",EDP Sciences,hybrid,2403.02158,2024A&A...685A..53G,arxiv-preprint-figure,,not-needed
rw-aur,rw-aur_taurus-long2019,images/rw-aur/rw-aur_taurus-long2019.png,Long,2019,"ApJ 882, 49",AAS/IOP,green-oa,1906.10809,2019ApJ...882...49L,arxiv-preprint-figure,,not-needed
rx-j1604-3-2130,rx-j1604-3-2130_exoalma,images/rx-j1604-3-2130/rx-j1604-3-2130_exoalma.png,Curone,2025,ApJL (exoALMA special issue),AAS/IOP,green-oa,2504.18725,2025ApJ...984L...9C,arxiv-preprint-figure,,not-needed
rx-j1604-3-2130,rx-j1604-3-2130_seeds2012,images/rx-j1604-3-2130/rx-j1604-3-2130_seeds2012.png,Mayama,2012,"ApJL 760, L26",AAS/IOP,green-oa,1211.3284,2012ApJ...760L..26M,arxiv-preprint-figure,,not-needed
rx-j1604-3-2130,rx-j1604-3-2130_alma2023,images/rx-j1604-3-2130/rx-j1604-3-2130_alma2023.png,Stadler,2023,"A&A 670, L1",EDP Sciences,hybrid,2301.01684,2023A&A...670L...1S,arxiv-preprint-figure,,not-needed
rx-j1604-3-2130,rx-j1604-3-2130_keck-vortex-2024,images/rx-j1604-3-2130/rx-j1604-3-2130_keck-vortex-2024.png,Wallack,2024,"AJ 168, 78",AAS/IOP,green-oa,2408.04048,2024AJ....168...78W,arxiv-preprint-figure,,not-needed
rx-j1604-3-2130,rx-j1604-3-2130_zimpol2015,images/rx-j1604-3-2130/rx-j1604-3-2130_zimpol2015.png,Pinilla,2015,A&A Letters,EDP Sciences,hybrid,1510.00412,2015A&A...584L...4P,arxiv-preprint-figure,,not-needed
rx-j1604-3-2130,rx-j1604-3-2130_sphere-rdi-xie22,images/rx-j1604-3-2130/rx-j1604-3-2130_sphere-rdi-xie22.png,Xie,2022,"A&A 666, A32",EDP Sciences,hybrid,2208.07915,2022A&A...666A..32X,arxiv-preprint-figure,,not-needed
rx-j1604-3-2130,rx-j1604-3-2130_exoalma-co,images/rx-j1604-3-2130/rx-j1604-3-2130_exoalma-co.png,Teague,2025,ApJL (exoALMA Focus Issue),AAS/IOP,green-oa,2504.18688,2025ApJ...984L...6T,arxiv-preprint-figure,,not-needed
rx-j1615-3-3255,rx-j1615-3-3255_exoalma,images/rx-j1615-3-3255/rx-j1615-3-3255_exoalma.png,Curone,2025,ApJL (exoALMA special issue),AAS/IOP,green-oa,2504.18725,2025ApJ...984L...9C,arxiv-preprint-figure,,not-needed
rx-j1615-3-3255,rx-j1615-3-3255_dartts-s,images/rx-j1615-3-3255/rx-j1615-3-3255_dartts-s.png,Avenhaus,2018,"ApJ 863, 44",AAS/IOP,green-oa,1803.10882,2018ApJ...863...44A,arxiv-preprint-figure,,not-needed
rx-j1615-3-3255,rx-j1615-3-3255_alma2015,images/rx-j1615-3-3255/rx-j1615-3-3255_alma2015.png,van der Marel,2015,"A&A 579, A106 (2015)",EDP Sciences,hybrid,1504.03927,2015A&A...579A.106V,arxiv-preprint-figure,,not-needed
rx-j1615-3-3255,rx-j1615-3-3255_hiciao2017,images/rx-j1615-3-3255/rx-j1615-3-3255_hiciao2017.png,Kooistra,2017,"A&A 597, A132 (2017)",EDP Sciences,hybrid,1610.00908,2017A&A...597A.132K,arxiv-preprint-figure,,not-needed
rx-j1615-3-3255,rx-j1615-3-3255_sphere-rdi-xie22,images/rx-j1615-3-3255/rx-j1615-3-3255_sphere-rdi-xie22.png,Xie,2022,"A&A 666, A32",EDP Sciences,hybrid,2208.07915,2022A&A...666A..32X,arxiv-preprint-figure,,not-needed
rx-j1615-3-3255,rx-j1615-3-3255_exoalma-co,images/rx-j1615-3-3255/rx-j1615-3-3255_exoalma-co.png,Teague,2025,ApJL (exoALMA Focus Issue),AAS/IOP,green-oa,2504.18688,2025ApJ...984L...6T,arxiv-preprint-figure,,not-needed
rx-j1633-9-2442,rx-j1633-9-2442_odisea,images/rx-j1633-9-2442/rx-j1633-9-2442_odisea.png,Cieza,2021,"MNRAS 501, 2934",OUP,hybrid,2012.00189,2021MNRAS.501.2934C,arxiv-preprint-figure,,not-needed
rx-j1633-9-2442,rx-j1633-9-2442_sma2012,images/rx-j1633-9-2442/rx-j1633-9-2442_sma2012.png,Cieza,2012,"ApJ 752, 75",AAS/IOP,green-oa,1204.5722,2012ApJ...752...75C,arxiv-preprint-figure,,not-needed
rx-j1842-9-3532,rx-j1842-9-3532_exoalma,images/rx-j1842-9-3532/rx-j1842-9-3532_exoalma.png,Curone,2025,ApJL (exoALMA special issue),AAS/IOP,green-oa,2504.18725,2025ApJ...984L...9C,arxiv-preprint-figure,,not-needed
rx-j1842-9-3532,rx-j1842-9-3532_alice-f110w,images/rx-j1842-9-3532/rx-j1842-9-3532_alice-f110w.png,Hagan,2018,"AJ 155, 179",AAS/IOP,green-oa,1802.07754,2018AJ....155..179H,archive-product,,not-needed
rx-j1842-9-3532,rx-j1842-9-3532_exoalma-co,images/rx-j1842-9-3532/rx-j1842-9-3532_exoalma-co.png,Teague,2025,ApJL (exoALMA Focus Issue),AAS/IOP,green-oa,2504.18688,2025ApJ...984L...6T,arxiv-preprint-figure,,not-needed
rx-j1852-3-3700,rx-j1852-3-3700_exoalma,images/rx-j1852-3-3700/rx-j1852-3-3700_exoalma.png,Curone,2025,ApJL (exoALMA special issue),AAS/IOP,green-oa,2504.18725,2025ApJ...984L...9C,arxiv-preprint-figure,,not-needed
rx-j1852-3-3700,rx-j1852-3-3700_alice-f110w,images/rx-j1852-3-3700/rx-j1852-3-3700_alice-f110w.png,Hagan,2018,"AJ 155, 179",AAS/IOP,green-oa,1802.07754,2018AJ....155..179H,archive-product,,not-needed
rx-j1852-3-3700,rx-j1852-3-3700_sphere2019,images/rx-j1852-3-3700/rx-j1852-3-3700_sphere2019.png,Villenave,2019,"A&A 624, A7 (2019)",EDP Sciences,hybrid,1902.04612,2019A&A...624A...7V,arxiv-preprint-figure,,not-needed
rx-j1852-3-3700,rx-j1852-3-3700_exoalma-co,images/rx-j1852-3-3700/rx-j1852-3-3700_exoalma-co.png,Teague,2025,ApJL (exoALMA Focus Issue),AAS/IOP,green-oa,2504.18688,2025ApJ...984L...6T,arxiv-preprint-figure,,not-needed
ry-lup,ry-lup_sphere2018,images/ry-lup/ry-lup_sphere2018.png,Langlois,2018,"A&A 614, A88",EDP Sciences,hybrid,1802.03995,2018A&A...614A..88L,arxiv-preprint-figure,,not-needed
ry-ori,ry-ori_destinys-orion,images/ry-ori/ry-ori_destinys-orion.png,Valegard,2024,"A&A 685, A54",EDP Sciences,hybrid,2403.02156,2024A&A...685A..54V,arxiv-preprint-figure,,not-needed
ry-tau,ry-tau_taurus-long2018,images/ry-tau/ry-tau_taurus-long2018.png,Long,2018,"ApJ 869, 17",AAS/IOP,green-oa,1810.06044,2018ApJ...869...17L,arxiv-preprint-figure,,not-needed
ry-tau,ry-tau_seeds,images/ry-tau/ry-tau_seeds.png,Takami,2013,"ApJ 772, 145",AAS/IOP,green-oa,1306.1887,2013ApJ...772..145T,arxiv-preprint-figure,,not-needed
ry-tau,ry-tau_sphere-taurus,images/ry-tau/ry-tau_sphere-taurus.png,Garufi,2024,"A&A 685, A53",EDP Sciences,hybrid,2403.02158,2024A&A...685A..53G,arxiv-preprint-figure,,not-needed
ry-tau,ry-tau_alice-f110w,images/ry-tau/ry-tau_alice-f110w.png,Hagan,2018,"AJ 155, 179",AAS/IOP,green-oa,1802.07754,2018AJ....155..179H,archive-product,,not-needed
ry-tau,ry-tau_keck-vortex-2024,images/ry-tau/ry-tau_keck-vortex-2024.png,Wallack,2024,"AJ 168, 78",AAS/IOP,green-oa,2408.04048,2024AJ....168...78W,arxiv-preprint-figure,,not-needed
ry-tau,ry-tau_carma2010,images/ry-tau/ry-tau_carma2010.png,Isella,2010,"ApJ, 714, 1746",AAS/IOP,green-oa,1003.4318,2010ApJ...714.1746I,arxiv-preprint-figure,,not-needed
ry-tau,ry-tau_sphere-rdi-xie22,images/ry-tau/ry-tau_sphere-rdi-xie22.png,Xie,2022,"A&A 666, A32",EDP Sciences,hybrid,2208.07915,2022A&A...666A..32X,arxiv-preprint-figure,,not-needed
so-1036,so-1036_alma-huang2024,images/so-1036/so-1036_alma-huang2024.png,Huang,2024,ApJ,AAS/IOP,green-oa,2410.03823,2024ApJ...976..132H,arxiv-preprint-figure,,not-needed
so-1152,so-1152_alma-huang2024,images/so-1152/so-1152_alma-huang2024.png,Huang,2024,ApJ,AAS/IOP,green-oa,2410.03823,2024ApJ...976..132H,arxiv-preprint-figure,,not-needed
so-1153,so-1153_alma2024,images/so-1153/so-1153_alma2024.png,Huang,2024,ApJ,AAS/IOP,green-oa,2410.03823,2024ApJ...976..132H,arxiv-preprint-figure,,not-needed
so-1274,so-1274_alma2024,images/so-1274/so-1274_alma2024.png,Huang,2024,ApJ,AAS/IOP,green-oa,2410.03823,2024ApJ...976..132H,arxiv-preprint-figure,,not-needed
so-662,so-662_alma-huang2024,images/so-662/so-662_alma-huang2024.png,Huang,2024,ApJ,AAS/IOP,green-oa,2410.03823,2024ApJ...976..132H,arxiv-preprint-figure,,not-needed
so-844,so-844_alma2024,images/so-844/so-844_alma2024.png,Huang,2024,ApJ,AAS/IOP,green-oa,2410.03823,2024ApJ...976..132H,arxiv-preprint-figure,,not-needed
so-897,so-897_alma2024,images/so-897/so-897_alma2024.png,Huang,2024,ApJ,AAS/IOP,green-oa,2410.03823,2024ApJ...976..132H,arxiv-preprint-figure,,not-needed
so-984,so-984_alma-huang2024,images/so-984/so-984_alma-huang2024.png,Huang,2024,ApJ,AAS/IOP,green-oa,2410.03823,2024ApJ...976..132H,arxiv-preprint-figure,,not-needed
sr-12,sr-12_alma2022,images/sr-12/sr-12_alma2022.png,Wu,2022,ApJL,AAS/IOP,green-oa,2204.06013,2022ApJ...930L...3W,arxiv-preprint-figure,,not-needed
sr-13,sr-13_nircensus,images/sr-13/sr-13_nircensus.png,Garufi,2026,"A&A, in press",EDP Sciences,hybrid,2603.01703,2026A&A...709A.269G,arxiv-preprint-figure,,not-needed
sr-21,sr-21_seeds,images/sr-21/sr-21_seeds.png,Follette,2013,"ApJ 767, 10",AAS/IOP,green-oa,1302.5705,2013ApJ...767...10F,arxiv-preprint-figure,,not-needed
sr-21,sr-21_sphere2020,images/sr-21/sr-21_sphere2020.png,Muro-Arena,2020,"A&A 636, L4",EDP Sciences,hybrid,2003.08189,2020A&A...636L...4M,arxiv-preprint-figure,,not-needed
sr-21,sr-21_alma2020,images/sr-21/sr-21_alma2020.png,Muro-Arena,2020,"A&A 636, L4",EDP Sciences,hybrid,2003.08189,2020A&A...636L...4M,arxiv-preprint-figure,,not-needed
sr-21,sr-21_nirc22020,images/sr-21/sr-21_nirc22020.png,Uyama,2020,AJ (2020),AAS/IOP,green-oa,2011.00044,2020AJ....160..283U,arxiv-preprint-figure,,not-needed
sr-21,sr-21_alma2015,images/sr-21/sr-21_alma2015.png,van der Marel,2015,"A&A 579, A106 (2015)",EDP Sciences,hybrid,1504.03927,2015A&A...579A.106V,arxiv-preprint-figure,,not-needed
sr-21,sr-21_alma2023,images/sr-21/sr-21_alma2023.png,Yang,2023,"ApJ 948, 110",AAS/IOP,green-oa,2303.05064,2023ApJ...948..110Y,arxiv-preprint-figure,,not-needed
sr-21,sr-21_magao2019,images/sr-21/sr-21_magao2019.png,Sallum,2019,AJ,AAS/IOP,green-oa,1908.07427,2019ApJ...883..100S,arxiv-preprint-figure,,not-needed
sr-24s,sr-24s_odisea,images/sr-24s/sr-24s_odisea.png,Cieza,2021,"MNRAS 501, 2934",OUP,hybrid,2012.00189,2021MNRAS.501.2934C,arxiv-preprint-figure,,not-needed
sr-24s,sr-24s_sma2005,images/sr-24s/sr-24s_sma2005.png,Andrews,2005,ApJL,AAS/IOP,green-oa,astro-ph/0411131,2005ApJ...619L.175A,arxiv-preprint-figure,,not-needed
sr-24s,sr-24s_hiciao2019,images/sr-24s/sr-24s_hiciao2019.png,Mayama,2019,"AJ 159, 12",AAS/IOP,green-oa,1911.10941,2020AJ....159...12M,arxiv-preprint-figure,,not-needed
sr-24s,sr-24s_sphere2022,images/sr-24s/sr-24s_sphere2022.png,Weber,2023,"MNRAS 518, 5620",OUP,hybrid,2211.14322,2023MNRAS.518.5620W,arxiv-preprint-figure,,not-needed
sr-4,sr-4_dsharp,images/sr-4/sr-4_dsharp.png,Andrews,2018,"ApJL 869, L41",AAS/IOP,green-oa,1812.04040,2018ApJ...869L..41A,arxiv-preprint-figure,,not-needed
su-aur,su-aur_sphere2021,images/su-aur/su-aur_sphere2021.png,Ginski,2021,"ApJL 908, L25",AAS/IOP,green-oa,2102.08781,2021ApJ...908L..25G,arxiv-preprint-figure,,not-needed
su-aur,su-aur_sphere-taurus,images/su-aur/su-aur_sphere-taurus.png,Garufi,2024,"A&A 685, A53",EDP Sciences,hybrid,2403.02158,2024A&A...685A..53G,arxiv-preprint-figure,,not-needed
su-aur,su-aur_naco-pippin,images/su-aur/su-aur_naco-pippin.png,de Regt,2024,"A&A 684, A73",EDP Sciences,hybrid,2404.02222,2024A&A...684A..73D,arxiv-preprint-figure,,not-needed
su-aur,su-aur_alma2019,images/su-aur/su-aur_alma2019.png,Akiyama,2019,AJ,AAS/IOP,green-oa,1902.10306,2019AJ....157..165A,arxiv-preprint-figure,,not-needed
su-aur,su-aur_hiciao2015,images/su-aur/su-aur_hiciao2015.png,de Leon,2015,PASJ,OUP,hybrid,1505.03610,2015ApJ...806L..10D,arxiv-preprint-figure,,not-needed
svs13a,svs13a_alma2025,images/svs13a/svs13a_alma2025.png,Cortes,2025,"ApJL 992, L31",AAS/IOP,green-oa,2509.21701,2025ApJ...992L..31C,arxiv-preprint-figure,,not-needed
sy-cha,sy-cha_exoalma,images/sy-cha/sy-cha_exoalma.png,Curone,2025,ApJL (exoALMA special issue),AAS/IOP,green-oa,2504.18725,2025ApJ...984L...9C,arxiv-preprint-figure,,not-needed
sy-cha,sy-cha_sphere-chami,images/sy-cha/sy-cha_sphere-chami.png,Ginski,2024,"A&A 685, A52",EDP Sciences,hybrid,2403.02149,2024A&A...685A..52G,arxiv-preprint-figure,,not-needed
sy-cha,sy-cha_sphere-ks-qphi,images/sy-cha/sy-cha_sphere-ks-qphi.png,Ren,2023,"A&A 680, A114",EDP Sciences,hybrid,2310.08589,2023A&A...680A.114R,arxiv-preprint-figure,,not-needed
sy-cha,sy-cha_exoalma-co,images/sy-cha/sy-cha_exoalma-co.png,Teague,2025,ApJL (exoALMA Focus Issue),AAS/IOP,green-oa,2504.18688,2025ApJ...984L...6T,arxiv-preprint-figure,,not-needed
sz-111,sz-111_nircensus,images/sz-111/sz-111_nircensus.png,Garufi,2026,"A&A, in press",EDP Sciences,hybrid,2603.01703,2026A&A...709A.269G,arxiv-preprint-figure,,not-needed
sz-114,sz-114_dsharp,images/sz-114/sz-114_dsharp.png,Andrews,2018,"ApJL 869, L41",AAS/IOP,green-oa,1812.04040,2018ApJ...869L..41A,arxiv-preprint-figure,,not-needed
sz-129,sz-129_dsharp,images/sz-129/sz-129_dsharp.png,Andrews,2018,"ApJL 869, L41",AAS/IOP,green-oa,1812.04040,2018ApJ...869L..41A,arxiv-preprint-figure,,not-needed
sz-131,sz-131_agepro,images/sz-131/sz-131_agepro.png,Zhang,2025,ApJ (2025),AAS/IOP,green-oa,2506.10719,2025ApJ...989....1Z,arxiv-preprint-figure,,not-needed
sz-134,sz-134_nircensus,images/sz-134/sz-134_nircensus.png,Garufi,2026,"A&A, in press",EDP Sciences,hybrid,2603.01703,2026A&A...709A.269G,arxiv-preprint-figure,,not-needed
sz-45,sz-45_sphere-chami,images/sz-45/sz-45_sphere-chami.png,Ginski,2024,"A&A 685, A52",EDP Sciences,hybrid,2403.02149,2024A&A...685A..52G,arxiv-preprint-figure,,not-needed
sz-51,sz-51_nircensus,images/sz-51/sz-51_nircensus.png,Garufi,2026,"A&A, in press",EDP Sciences,hybrid,2603.01703,2026A&A...709A.269G,arxiv-preprint-figure,,not-needed
sz-65,sz-65_agepro,images/sz-65/sz-65_agepro.png,Zhang,2025,ApJ (2025),AAS/IOP,green-oa,2506.10719,2025ApJ...989....1Z,arxiv-preprint-figure,,not-needed
sz-71,sz-71_alma-agepro,images/sz-71/sz-71_alma-agepro.png,Deng,2025,"ApJ 989, 3",AAS/IOP,green-oa,2506.10734,2025ApJ...989....3D,arxiv-preprint-figure,,not-needed
sz-72,sz-72_nircensus,images/sz-72/sz-72_nircensus.png,Garufi,2026,"A&A, in press",EDP Sciences,hybrid,2603.01703,2026A&A...709A.269G,arxiv-preprint-figure,,not-needed
sz-91,sz-91_naco-pippin,images/sz-91/sz-91_naco-pippin.png,de Regt,2024,"A&A 684, A73",EDP Sciences,hybrid,2404.02222,2024A&A...684A..73D,arxiv-preprint-figure,,not-needed
sz-91,sz-91_seeds,images/sz-91/sz-91_seeds.png,Tsukagoshi,2014,"ApJ 783, 90",AAS/IOP,green-oa,1402.1538,2014ApJ...783...90T,arxiv-preprint-figure,,not-needed
sz-91,sz-91_alma2021,images/sz-91/sz-91_alma2021.png,Mauco,2021,ApJ,AAS/IOP,green-oa,2108.12548,2021ApJ...923..128M,arxiv-preprint-figure,,not-needed
sz-cha,sz-cha_sphere-ks-rdi,images/sz-cha/sz-cha_sphere-ks-rdi.png,Ren,2023,"A&A 680, A114",EDP Sciences,hybrid,2310.08589,2023A&A...680A.114R,arxiv-preprint-figure,,not-needed
sz-cha,sz-cha_sphere-chami,images/sz-cha/sz-cha_sphere-chami.png,Ginski,2024,"A&A 685, A52",EDP Sciences,hybrid,2403.02149,2024A&A...685A..52G,arxiv-preprint-figure,,not-needed
sz-cha,sz-cha_sphere-ks-qphi,images/sz-cha/sz-cha_sphere-ks-qphi.png,Ren,2023,"A&A 680, A114",EDP Sciences,hybrid,2310.08589,2023A&A...680A.114R,arxiv-preprint-figure,,not-needed
sz-cha,sz-cha_sphere-rdi-xie22,images/sz-cha/sz-cha_sphere-rdi-xie22.png,Xie,2022,"A&A 666, A32",EDP Sciences,hybrid,2208.07915,2022A&A...666A..32X,arxiv-preprint-figure,,not-needed
t-cha,t-cha_sphere2017,images/t-cha/t-cha_sphere2017.png,Pohl,2017,"A&A 605, A34",EDP Sciences,hybrid,1705.03477,2017A&A...605A..34P,arxiv-preprint-figure,,not-needed
t-tau,t-tau_taurus-long2019,images/t-tau/t-tau_taurus-long2019.png,Long,2019,"ApJ 882, 49",AAS/IOP,green-oa,1906.10809,2019ApJ...882...49L,arxiv-preprint-figure,,not-needed
t-tau,t-tau_sphere-taurus,images/t-tau/t-tau_sphere-taurus.png,Garufi,2024,"A&A 685, A53",EDP Sciences,hybrid,2403.02158,2024A&A...685A..53G,arxiv-preprint-figure,,not-needed
t-tau,t-tau_hiciao2018,images/t-tau/t-tau_hiciao2018.png,Yang,2018,ApJ,AAS/IOP,green-oa,1805.07726,2018ApJ...861..133Y,arxiv-preprint-figure,,not-needed
tau-042021,tau-042021_edgeon-alma2020-b4,images/tau-042021/tau-042021_edgeon-alma2020-b4.png,Villenave,2020,"A&A 642, A164",EDP Sciences,hybrid,2008.06518,2020A&A...642A.164V,arxiv-preprint-figure,,not-needed
tau-042021,tau-042021_edgeon-alma2020-b6,images/tau-042021/tau-042021_edgeon-alma2020-b6.png,Villenave,2020,"A&A 642, A164",EDP Sciences,hybrid,2008.06518,2020A&A...642A.164V,arxiv-preprint-figure,,not-needed
tau-042021,tau-042021_edgeon-alma2020,images/tau-042021/tau-042021_edgeon-alma2020.png,Villenave,2020,"A&A 642, A164",EDP Sciences,hybrid,2008.06518,2020A&A...642A.164V,arxiv-preprint-figure,,not-needed
tau-042021,tau-042021_jwst2024,images/tau-042021/tau-042021_jwst2024.png,Duchêne,2024,"AJ 167, 77",AAS/IOP,green-oa,2309.07040,2024AJ....167...77D,arxiv-preprint-figure,,not-needed
tau-042021,tau-042021_jwst2024-f770w,images/tau-042021/tau-042021_jwst2024-f770w.png,Duchêne,2024,"AJ 167, 77",AAS/IOP,green-oa,2309.07040,2024AJ....167...77D,arxiv-preprint-figure,,not-needed
tmc-1a,tmc-1a_edisk,images/tmc-1a/tmc-1a_edisk.png,Ohashi,2023,"ApJ 951, 8",AAS/IOP,green-oa,2306.15406,2023ApJ...951....8O,arxiv-preprint-figure,,not-needed
tmc-1a,tmc-1a_vla_kaband,images/tmc-1a/tmc-1a_vla_kaband.png,Aso,2024,ApJ,AAS/IOP,green-oa,2411.13044,2025ApJ...978...60A,arxiv-preprint-figure,,not-needed
tw-cha,tw-cha_sphere-chami,images/tw-cha/tw-cha_sphere-chami.png,Ginski,2024,"A&A 685, A52",EDP Sciences,hybrid,2403.02149,2024A&A...685A..52G,arxiv-preprint-figure,,not-needed
tw-hya,tw-hya_alma2016,images/tw-hya/tw-hya_alma2016.png,Andrews,2016,"ApJL 820, L40",AAS/IOP,green-oa,1603.09352,2016ApJ...820L..40A,arxiv-preprint-figure,,not-needed
tw-hya,tw-hya_sphere2017,images/tw-hya/tw-hya_sphere2017.png,van Boekel,2017,"ApJ 837, 132",AAS/IOP,green-oa,1610.08939,2017ApJ...837..132V,arxiv-preprint-figure,,not-needed
tw-hya,tw-hya_stis2013,images/tw-hya/tw-hya_stis2013.png,Debes,2013,"ApJ 771, 45",AAS/IOP,green-oa,1306.2969,2013ApJ...771...45D,arxiv-preprint-figure,,not-needed
tw-hya,tw-hya_alma2016-zoom,images/tw-hya/tw-hya_alma2016-zoom.png,Andrews,2016,"ApJL 820, L40",AAS/IOP,green-oa,1603.09352,2016ApJ...820L..40A,arxiv-preprint-figure,,not-needed
tw-hya,tw-hya_wfpc2-2000,images/tw-hya/tw-hya_wfpc2-2000.png,Krist,2000,"ApJ 538, 793",AAS/IOP,green-oa,,2000ApJ...538..793K,publisher-pdf,,not-needed
tw-hya,tw-hya_naco-pippin,images/tw-hya/tw-hya_naco-pippin.png,de Regt,2024,"A&A 684, A73",EDP Sciences,hybrid,2404.02222,2024A&A...684A..73D,arxiv-preprint-figure,,not-needed
tw-hya,tw-hya_seeds,images/tw-hya/tw-hya_seeds.png,Akiyama,2015,"ApJL 802, L17",AAS/IOP,green-oa,1503.01856,2015ApJ...802L..17A,arxiv-preprint-figure,,not-needed
tw-hya,tw-hya_stis2017-shadow,images/tw-hya/tw-hya_stis2017-shadow.png,Debes,2017,"ApJ 835, 205",AAS/IOP,green-oa,1701.03152,2017ApJ...835..205D,arxiv-preprint-figure,,not-needed
tw-hya,tw-hya_stis2023-shadows,images/tw-hya/tw-hya_stis2023-shadows.png,Debes,2023,ApJ (2023),AAS/IOP,green-oa,2305.03611,2023ApJ...948...36D,arxiv-preprint-figure,,not-needed
tw-hya,tw-hya_alice-f110w,images/tw-hya/tw-hya_alice-f110w.png,Hagan,2018,"AJ 155, 179",AAS/IOP,green-oa,1802.07754,2018AJ....155..179H,archive-product,,not-needed
tw-hya,tw-hya_gpi2015,images/tw-hya/tw-hya_gpi2015.png,Rapson,2015,ApJL,AAS/IOP,green-oa,1512.01865,2015ApJ...815L..26R,arxiv-preprint-figure,,not-needed
tw-hya,tw-hya_sma2012,images/tw-hya/tw-hya_sma2012.png,Andrews,2012,"ApJ, 744, 162",AAS/IOP,green-oa,1111.5037,2012ApJ...744..162A,arxiv-preprint-figure,,not-needed
tw-hya,tw-hya_sphere-rdi-xie22,images/tw-hya/tw-hya_sphere-rdi-xie22.png,Xie,2022,"A&A 666, A32",EDP Sciences,hybrid,2208.07915,2022A&A...666A..32X,arxiv-preprint-figure,,not-needed
tw-hya,tw-hya_eris2025,images/tw-hya/tw-hya_eris2025.png,Maio,2025,Astronomy & Astrophysics,EDP Sciences,hybrid,2504.19810,2025A&A...698A..52M,arxiv-preprint-figure,,not-needed
tw-hya,tw-hya_nicmos-pol2018,images/tw-hya/tw-hya_nicmos-pol2018.png,Poteet,2018,"ApJ 860, 115",AAS/IOP,green-oa,1805.01926,2018ApJ...860..115P,arxiv-preprint-figure,,not-needed
twa-20,twa-20_jwst-palatnick,images/twa-20/twa-20_jwst-palatnick.png,Palatnick,2025,arXiv:2510.20216,arXiv preprint,preprint,2510.20216,2025ApJ...995..149P,arxiv-preprint-figure,,not-needed
twa-25,twa-25_alice,images/twa-25/twa-25_alice.png,Choquet,2016,"ApJL 817, L2",AAS/IOP,green-oa,1512.02220,2016ApJ...817L...2C,archive-product,,not-needed
twa-25,twa-25_nicmos-ren2023,images/twa-25/twa-25_nicmos-ren2023.png,Ren,2023,"A&A 672, A114",EDP Sciences,hybrid,2302.04273,2023A&A...672A.114R,arxiv-preprint-figure,,not-needed
twa-25,twa-25_sphere-debris-2025,images/twa-25/twa-25_sphere-debris-2025.png,Engler,2025,"A&A 704, A21",EDP Sciences,hybrid,2512.03128,2025A&A...704A..21E,arxiv-preprint-figure,,not-needed
twa-25,twa-25_stis-ren,images/twa-25/twa-25_stis-ren.png,Ren,2023,"A&A 672, A114",EDP Sciences,hybrid,2302.04273,2023A&A...672A.114R,arxiv-preprint-figure,,not-needed
twa-25,twa-25_alice-f160w,images/twa-25/twa-25_alice-f160w.png,Hagan,2018,"AJ 155, 179",AAS/IOP,green-oa,1802.07754,2018AJ....155..179H,archive-product,,not-needed
twa-7,twa-7_stis2021,images/twa-7/twa-7_stis2021.png,Ren,2021,"ApJ 914, 95",AAS/IOP,green-oa,2105.09949,2021ApJ...914...95R,arxiv-preprint-figure,,not-needed
twa-7,twa-7_jwst2025,images/twa-7/twa-7_jwst2025.png,Lagrange,2025,"Nature 642, 905",Springer Nature,restrictive,2502.15081,2025Natur.642..905L,arxiv-preprint-figure,Y,pending
twa-7,twa-7_gpies-debris,images/twa-7/twa-7_gpies-debris.png,Esposito,2020,"AJ 160, 24",AAS/IOP,green-oa,2004.13722,2020AJ....160...24E,arxiv-preprint-figure,,not-needed
twa-7,twa-7_reasons,images/twa-7/twa-7_reasons.png,Matra,2025,"A&A 693, A151",EDP Sciences,hybrid,2501.09058,2025A&A...693A.151M,arxiv-preprint-figure,,not-needed
twa-7,twa-7_alice,images/twa-7/twa-7_alice.png,Choquet,2016,"ApJL 817, L2",AAS/IOP,green-oa,1512.02220,2016ApJ...817L...2C,archive-product,,not-needed
twa-7,twa-7_nicmos-ren2023,images/twa-7/twa-7_nicmos-ren2023.png,Ren,2023,"A&A 672, A114",EDP Sciences,hybrid,2302.04273,2023A&A...672A.114R,arxiv-preprint-figure,,not-needed
twa-7,twa-7_nicmos2021,images/twa-7/twa-7_nicmos2021.png,Ren,2021,"ApJ 914, 95",AAS/IOP,green-oa,2105.09949,2021ApJ...914...95R,arxiv-preprint-figure,,not-needed
twa-7,twa-7_sphere2021,images/twa-7/twa-7_sphere2021.png,Ren,2021,"ApJ 914, 95",AAS/IOP,green-oa,2105.09949,2021ApJ...914...95R,arxiv-preprint-figure,,not-needed
twa-7,twa-7_sphere-debris-2025,images/twa-7/twa-7_sphere-debris-2025.png,Engler,2025,"A&A 704, A21",EDP Sciences,hybrid,2512.03128,2025A&A...704A..21E,arxiv-preprint-figure,,not-needed
twa-7,twa-7_stis-ren,images/twa-7/twa-7_stis-ren.png,Ren,2023,"A&A 672, A114",EDP Sciences,hybrid,2302.04273,2023A&A...672A.114R,arxiv-preprint-figure,,not-needed
twa-7,twa-7_alice-f165m,images/twa-7/twa-7_alice-f165m.png,Hagan,2018,"AJ 155, 179",AAS/IOP,green-oa,1802.07754,2018AJ....155..179H,archive-product,,not-needed
twa-7,twa-7_nircam2025,images/twa-7/twa-7_nircam2025.png,Crotts,2025,ApJL,AAS/IOP,green-oa,2506.19932,2025ApJ...987L..41C,arxiv-preprint-figure,,not-needed
twa-7,twa-7_sphere-hband2018,images/twa-7/twa-7_sphere-hband2018.png,Olofsson,2018,"A&A 617, A109",EDP Sciences,hybrid,1804.01929,2018A&A...617A.109O,arxiv-preprint-figure,,not-needed
twa-7,twa-7_alma2019,images/twa-7/twa-7_alma2019.png,Bayo,2019,"MNRAS 486, 5552",OUP,hybrid,1806.09252,2019MNRAS.486.5552B,arxiv-preprint-figure,,not-needed
twa-7,twa-7_sphere-jband2018,images/twa-7/twa-7_sphere-jband2018.png,Olofsson,2018,"A&A 617, A109",EDP Sciences,hybrid,1804.01929,2018A&A...617A.109O,arxiv-preprint-figure,,not-needed
tx-ori,tx-ori_destinys-orion,images/tx-ori/tx-ori_destinys-orion.png,Valegard,2024,"A&A 685, A54",EDP Sciences,hybrid,2403.02156,2024A&A...685A..54V,arxiv-preprint-figure,,not-needed
tyc-9340-437-1,tyc-9340-437-1_arks,images/tyc-9340-437-1/tyc-9340-437-1_arks.png,Marino,2026,A&A,EDP Sciences,hybrid,2601.11708,2026A&A...705A.195M,arxiv-preprint-figure,,not-needed
tyc-9340-437-1,tyc-9340-437-1_reasons,images/tyc-9340-437-1/tyc-9340-437-1_reasons.png,Matra,2025,"A&A 693, A151",EDP Sciences,hybrid,2501.09058,2025A&A...693A.151M,arxiv-preprint-figure,,not-needed
tyc-9340-437-1,tyc-9340-437-1_alice-f160w,images/tyc-9340-437-1/tyc-9340-437-1_alice-f160w.png,Hagan,2018,"AJ 155, 179",AAS/IOP,green-oa,1802.07754,2018AJ....155..179H,archive-product,,not-needed
u-mon,u-mon_sphere_irdis,images/u-mon/u-mon_sphere_irdis.png,Andrych,2023,MNRAS,OUP,hybrid,2307.16598,2023MNRAS.524.4168A,arxiv-preprint-figure,,not-needed
ux-tau,ux-tau_sphere-taurus,images/ux-tau/ux-tau_sphere-taurus.png,Garufi,2024,"A&A 685, A53",EDP Sciences,hybrid,2403.02158,2024A&A...685A..53G,arxiv-preprint-figure,,not-needed
ux-tau,ux-tau_seeds,images/ux-tau/ux-tau_seeds.png,Tanii,2012,"PASJ 64, 124",OUP,hybrid,1206.1215,2012PASJ...64..124T,arxiv-preprint-figure,,not-needed
ux-tau,ux-tau_sphere-menard2020-j,images/ux-tau/ux-tau_sphere-menard2020-j.png,Menard,2020,"A&A Letters 639, L1",EDP Sciences,hybrid,2006.02439,2020A&A...639L...1M,arxiv-preprint-figure,,not-needed
ux-tau,ux-tau_sphere-rdi-xie22,images/ux-tau/ux-tau_sphere-rdi-xie22.png,Xie,2022,"A&A 666, A32",EDP Sciences,hybrid,2208.07915,2022A&A...666A..32X,arxiv-preprint-figure,,not-needed
ux-tau,ux-tau_alma-menard2020,images/ux-tau/ux-tau_alma-menard2020.png,Menard,2020,"A&A Letters 639, L1",EDP Sciences,hybrid,2006.02439,2020A&A...639L...1M,arxiv-preprint-figure,,not-needed
uy-aur,uy-aur_taurus-long2019,images/uy-aur/uy-aur_taurus-long2019.png,Long,2019,"ApJ 882, 49",AAS/IOP,green-oa,1906.10809,2019ApJ...882...49L,arxiv-preprint-figure,,not-needed
uy-aur,uy-aur_sphere-taurus,images/uy-aur/uy-aur_sphere-taurus.png,Garufi,2024,"A&A 685, A53",EDP Sciences,hybrid,2403.02158,2024A&A...685A..53G,arxiv-preprint-figure,,not-needed
uy-aur,uy-aur_ciao2007,images/uy-aur/uy-aur_ciao2007.png,Hioki,2007,"AJ 134, 880",AAS/IOP,green-oa,0705.3940,2007AJ....134..880H,arxiv-preprint-figure,,not-needed
uz-tau-e,uz-tau-e_taurus-long2018,images/uz-tau-e/uz-tau-e_taurus-long2018.png,Long,2018,"ApJ 869, 17",AAS/IOP,green-oa,1810.06044,2018ApJ...869...17L,arxiv-preprint-figure,,not-needed
uz-tau-e,uz-tau-e_sphere-taurus,images/uz-tau-e/uz-tau-e_sphere-taurus.png,Garufi,2024,"A&A 685, A53",EDP Sciences,hybrid,2403.02158,2024A&A...685A..53G,arxiv-preprint-figure,,not-needed
uz-tau-e,uz-tau-e_alice-f110w,images/uz-tau-e/uz-tau-e_alice-f110w.png,Hagan,2018,"AJ 155, 179",AAS/IOP,green-oa,1802.07754,2018AJ....155..179H,archive-product,,not-needed
uz-tau-e,uz-tau-e_alma2018,images/uz-tau-e/uz-tau-e_alma2018.png,Tripathi,2018,The Astrophysical Journal,AAS/IOP,green-oa,1805.06457,2018ApJ...861...64T,arxiv-preprint-figure,,not-needed
uz-tau-e,uz-tau-e_zurlo2024,images/uz-tau-e/uz-tau-e_zurlo2024.png,Zurlo,2024,"A&A 686, A309",EDP Sciences,hybrid,2403.12124,2024A&A...686A.309Z,arxiv-preprint-figure,,not-needed
v1012-ori,v1012-ori_destinys-orion,images/v1012-ori/v1012-ori_destinys-orion.png,Valegard,2024,"A&A 685, A54",EDP Sciences,hybrid,2403.02156,2024A&A...685A..54V,arxiv-preprint-figure,,not-needed
v1025-tau,v1025-tau_sphere-taurus,images/v1025-tau/v1025-tau_sphere-taurus.png,Garufi,2024,"A&A 685, A53",EDP Sciences,hybrid,2403.02158,2024A&A...685A..53G,arxiv-preprint-figure,,not-needed
v1094-sco,v1094-sco_alma-agepro,images/v1094-sco/v1094-sco_alma-agepro.png,Deng,2025,"ApJ 989, 3",AAS/IOP,green-oa,2506.10734,2025ApJ...989....3D,arxiv-preprint-figure,,not-needed
v1247-ori,v1247-ori_alma2017,images/v1247-ori/v1247-ori_alma2017.png,Kraus,2017,"ApJL 848, L11",AAS/IOP,green-oa,1710.05028,2017ApJ...848L..11K,arxiv-preprint-figure,,not-needed
v1247-ori,v1247-ori_sphere-ks-rdi,images/v1247-ori/v1247-ori_sphere-ks-rdi.png,Ren,2023,"A&A 680, A114",EDP Sciences,hybrid,2310.08589,2023A&A...680A.114R,arxiv-preprint-figure,,not-needed
v1247-ori,v1247-ori_hiciao2016,images/v1247-ori/v1247-ori_hiciao2016.png,Ohta,2016,Publications of the Astronomical Society of Japan (PASJ),OUP,hybrid,1605.01453,2016PASJ...68...53O,arxiv-preprint-figure,,not-needed
v1247-ori,v1247-ori_sma2019,images/v1247-ori/v1247-ori_sma2019.png,Willson,2019,"A&A 621, A7",EDP Sciences,hybrid,1811.06880,2019A&A...621A...7W,arxiv-preprint-figure,,not-needed
v1247-ori,v1247-ori_sphere-ks-qphi,images/v1247-ori/v1247-ori_sphere-ks-qphi.png,Ren,2023,"A&A 680, A114",EDP Sciences,hybrid,2310.08589,2023A&A...680A.114R,arxiv-preprint-figure,,not-needed
v1650-ori,v1650-ori_destinys-orion,images/v1650-ori/v1650-ori_destinys-orion.png,Valegard,2024,"A&A 685, A54",EDP Sciences,hybrid,2403.02156,2024A&A...685A..54V,arxiv-preprint-figure,,not-needed
v1787-ori,v1787-ori_destinys-orion,images/v1787-ori/v1787-ori_destinys-orion.png,Valegard,2024,"A&A 685, A54",EDP Sciences,hybrid,2403.02156,2024A&A...685A..54V,arxiv-preprint-figure,,not-needed
v1787-ori,v1787-ori_naco2020,images/v1787-ori/v1787-ori_naco2020.png,Arun,2020,"MNRAS 501, 1243",OUP,hybrid,2011.10222,2021MNRAS.501.1243A,arxiv-preprint-figure,,not-needed
v1788-ori,v1788-ori_destinys-orion,images/v1788-ori/v1788-ori_destinys-orion.png,Valegard,2024,"A&A 685, A54",EDP Sciences,hybrid,2403.02156,2024A&A...685A..54V,arxiv-preprint-figure,,not-needed
v2149-ori,v2149-ori_destinys-orion,images/v2149-ori/v2149-ori_destinys-orion.png,Valegard,2024,"A&A 685, A54",EDP Sciences,hybrid,2403.02156,2024A&A...685A..54V,arxiv-preprint-figure,,not-needed
v4046-sgr,v4046-sgr_exoalma,images/v4046-sgr/v4046-sgr_exoalma.png,Curone,2025,ApJL (exoALMA special issue),AAS/IOP,green-oa,2504.18725,2025ApJ...984L...9C,arxiv-preprint-figure,,not-needed
v4046-sgr,v4046-sgr_dartts-s,images/v4046-sgr/v4046-sgr_dartts-s.png,Avenhaus,2018,"ApJ 863, 44",AAS/IOP,green-oa,1803.10882,2018ApJ...863...44A,arxiv-preprint-figure,,not-needed
v4046-sgr,v4046-sgr_gpi2015,images/v4046-sgr/v4046-sgr_gpi2015.png,Rapson,2015,ApJL,AAS/IOP,green-oa,1503.06192,2015ApJ...803L..10R,arxiv-preprint-figure,,not-needed
v4046-sgr,v4046-sgr_sma2013,images/v4046-sgr/v4046-sgr_sma2013.png,Rosenfeld,2013,"ApJ, 775, 136",AAS/IOP,green-oa,1308.4358,2013ApJ...775..136R,arxiv-preprint-figure,,not-needed
v4046-sgr,v4046-sgr_sma2010,images/v4046-sgr/v4046-sgr_sma2010.png,Rodriguez,2010,The Astrophysical Journal,AAS/IOP,green-oa,1007.3993,2010ApJ...720.1684R,arxiv-preprint-figure,,not-needed
v4046-sgr,v4046-sgr_sphere-rdi-xie22,images/v4046-sgr/v4046-sgr_sphere-rdi-xie22.png,Xie,2022,"A&A 666, A32",EDP Sciences,hybrid,2208.07915,2022A&A...666A..32X,arxiv-preprint-figure,,not-needed
v4046-sgr,v4046-sgr_exoalma-co,images/v4046-sgr/v4046-sgr_exoalma-co.png,Teague,2025,ApJL (exoALMA Focus Issue),AAS/IOP,green-oa,2504.18688,2025ApJ...984L...6T,arxiv-preprint-figure,,not-needed
v409-tau,v409-tau_sphere-taurus,images/v409-tau/v409-tau_sphere-taurus.png,Garufi,2024,"A&A 685, A53",EDP Sciences,hybrid,2403.02158,2024A&A...685A..53G,arxiv-preprint-figure,,not-needed
v409-tau,v409-tau_taurus-long2019,images/v409-tau/v409-tau_taurus-long2019.png,Long,2019,"ApJ 882, 49",AAS/IOP,green-oa,1906.10809,2019ApJ...882...49L,arxiv-preprint-figure,,not-needed
v599-ori,v599-ori_destinys-orion,images/v599-ori/v599-ori_destinys-orion.png,Valegard,2024,"A&A 685, A54",EDP Sciences,hybrid,2403.02156,2024A&A...685A..54V,arxiv-preprint-figure,,not-needed
v606-ori,v606-ori_destinys-orion,images/v606-ori/v606-ori_destinys-orion.png,Valegard,2024,"A&A 685, A54",EDP Sciences,hybrid,2403.02156,2024A&A...685A..54V,arxiv-preprint-figure,,not-needed
v710-tau,v710-tau_sphere-taurus,images/v710-tau/v710-tau_sphere-taurus.png,Garufi,2024,"A&A 685, A53",EDP Sciences,hybrid,2403.02158,2024A&A...685A..53G,arxiv-preprint-figure,,not-needed
v710-tau,v710-tau_taurus-long2019,images/v710-tau/v710-tau_taurus-long2019.png,Long,2019,"ApJ 882, 49",AAS/IOP,green-oa,1906.10809,2019ApJ...882...49L,arxiv-preprint-figure,,not-needed
v721-cra,v721-cra_destinys-cra,images/v721-cra/v721-cra_destinys-cra.png,Columba,2026,"A&A 706, A16",EDP Sciences,hybrid,2511.01717,2026A&A...706A..16C,arxiv-preprint-figure,,not-needed
v807-tau,v807-tau_sphere-taurus,images/v807-tau/v807-tau_sphere-taurus.png,Garufi,2024,"A&A 685, A53",EDP Sciences,hybrid,2403.02158,2024A&A...685A..53G,arxiv-preprint-figure,,not-needed
v807-tau,v807-tau_alma2019,images/v807-tau/v807-tau_alma2019.png,Akeson,2019,"ApJ 872, 158",AAS/IOP,green-oa,1901.05029,2019ApJ...872..158A,arxiv-preprint-figure,,not-needed
v836-tau,v836-tau_sphere-taurus,images/v836-tau/v836-tau_sphere-taurus.png,Garufi,2024,"A&A 685, A53",EDP Sciences,hybrid,2403.02158,2024A&A...685A..53G,arxiv-preprint-figure,,not-needed
v836-tau,v836-tau_taurus-long2019,images/v836-tau/v836-tau_taurus-long2019.png,Long,2019,"ApJ 882, 49",AAS/IOP,green-oa,1906.10809,2019ApJ...882...49L,arxiv-preprint-figure,,not-needed
v892-tau,v892-tau_alma-long2021,images/v892-tau/v892-tau_alma-long2021.png,Long,2021,"ApJ 915, 131",AAS/IOP,green-oa,2105.02918,2021ApJ...915..131L,arxiv-preprint-figure,,not-needed
v935-sco,v935-sco_destinys,images/v935-sco/v935-sco_destinys.png,Garufi,2026,"A&A, in press",EDP Sciences,hybrid,2603.01703,2026A&A...709A.269G,arxiv-preprint-figure,,not-needed
v960-mon,v960-mon_zurlo2024,images/v960-mon/v960-mon_zurlo2024.png,Zurlo,2024,"A&A 686, A309",EDP Sciences,hybrid,2403.12124,2024A&A...686A.309Z,arxiv-preprint-figure,,not-needed
v960-mon,v960-mon_eris,images/v960-mon/v960-mon_eris.png,Dasgupta,2025,"ApJL 988, L30",AAS/IOP,green-oa,2507.13571,2025ApJ...988L..30D,arxiv-preprint-figure,,not-needed
vega,vega_jwst2024,images/vega/vega_jwst2024.png,Su,2024,"ApJ 977, 277",AAS/IOP,green-oa,2410.23636,2024ApJ...977..277S,arxiv-preprint-figure,,not-needed
vega,vega_reasons,images/vega/vega_reasons.png,Matra,2025,"A&A 693, A151",EDP Sciences,hybrid,2501.09058,2025A&A...693A.151M,arxiv-preprint-figure,,not-needed
vega,vega_jwst2024-f1550c,images/vega/vega_jwst2024-f1550c.png,Su,2024,"ApJ 977, 277",AAS/IOP,green-oa,2410.23636,2024ApJ...977..277S,arxiv-preprint-figure,,not-needed
vega,vega_hst2024,images/vega/vega_hst2024.png,Wolff,2024,"AJ 168, 236",AAS/IOP,green-oa,2410.24042,2024AJ....168..236W,arxiv-preprint-figure,,not-needed
vega,vega_nircam2024,images/vega/vega_nircam2024.png,Beichman,2024,AJ,AAS/IOP,green-oa,2410.16551,2025AJ....169...17B,arxiv-preprint-figure,,not-needed
vega,vega_herschel2010,images/vega/vega_herschel2010.png,Sibthorpe,2010,"A&A 518, L130",EDP Sciences,hybrid,1005.3543,2010A&A...518L.130S,arxiv-preprint-figure,,not-needed
vega,vega_mips2005,images/vega/vega_mips2005.png,Su,2005,"ApJ 628, 487",AAS/IOP,green-oa,astro-ph/0504086,2005ApJ...628..487S,arxiv-preprint-figure,,not-needed
vhs-j1256-1257,vhs-j1256-1257_vista2015-y,images/vhs-j1256-1257/vhs-j1256-1257_vista2015-y.png,Gauza,2015,"ApJ 804, 96",AAS/IOP,green-oa,1505.00806,2015ApJ...804...96G,arxiv-preprint-figure,,not-needed
vhs-j1256-1257,vhs-j1256-1257_vista2015-j,images/vhs-j1256-1257/vhs-j1256-1257_vista2015-j.png,Gauza,2015,"ApJ 804, 96",AAS/IOP,green-oa,1505.00806,2015ApJ...804...96G,arxiv-preprint-figure,,not-needed
vhs-j1256-1257,vhs-j1256-1257_vista2015-h,images/vhs-j1256-1257/vhs-j1256-1257_vista2015-h.png,Gauza,2015,"ApJ 804, 96",AAS/IOP,green-oa,1505.00806,2015ApJ...804...96G,arxiv-preprint-figure,,not-needed
vhs-j1256-1257,vhs-j1256-1257_vista2015-ks,images/vhs-j1256-1257/vhs-j1256-1257_vista2015-ks.png,Gauza,2015,"ApJ 804, 96",AAS/IOP,green-oa,1505.00806,2015ApJ...804...96G,arxiv-preprint-figure,,not-needed
vz-cha,vz-cha_sphere-chami,images/vz-cha/vz-cha_sphere-chami.png,Ginski,2024,"A&A 685, A52",EDP Sciences,hybrid,2403.02149,2024A&A...685A..52G,arxiv-preprint-figure,,not-needed
waoph-6,waoph-6_dsharp,images/waoph-6/waoph-6_dsharp.png,Andrews,2018,"ApJL 869, L41",AAS/IOP,green-oa,1812.04040,2018ApJ...869L..41A,arxiv-preprint-figure,,not-needed
waoph-6,waoph-6_sphere2021,images/waoph-6/waoph-6_sphere2021.png,Brown-Sevilla,2021,"A&A 654, A35",EDP Sciences,hybrid,2107.13560,2021A&A...654A..35B,arxiv-preprint-figure,,not-needed
wispit-1,wispit-1_sphere2025,images/wispit-1/wispit-1_sphere2025.png,van Capelleveen,2025,A&A (2025),EDP Sciences,hybrid,2508.18456,2025A&A...704A.221V,arxiv-preprint-figure,,not-needed
wispit-2,wispit-2_magaox2025,images/wispit-2/wispit-2_magaox2025.png,Close,2025,"ApJL 990, L9",AAS/IOP,green-oa,2508.19046,2025ApJ...990L...9C,arxiv-preprint-figure,,not-needed
wispit-2,wispit-2_sphere2025,images/wispit-2/wispit-2_sphere2025.png,van Capelleveen,2025,ApJL (2025),AAS/IOP,green-oa,2508.19053,2025ApJ...990L...8V,arxiv-preprint-figure,,not-needed
wispit-2,wispit-2_alma2026,images/wispit-2/wispit-2_alma2026.png,Facchini,2026,arXiv (2026),arXiv preprint,preprint,2601.15948,2026ApJ...998L..16F,arxiv-preprint-figure,,not-needed
wispit-2,wispit-2_gravity2026,images/wispit-2/wispit-2_gravity2026.png,Lawlor,2026,arXiv (2026),arXiv preprint,preprint,2603.22085,2026ApJ..1000L..38L,arxiv-preprint-figure,,not-needed
wispit-2,wispit-2_lband2025,images/wispit-2/wispit-2_lband2025.png,Close,2025,ApJL,AAS/IOP,green-oa,2508.19046,2025ApJ...990L...9C,arxiv-preprint-figure,,not-needed
wispit-2,wispit-2_planetc2026,images/wispit-2/wispit-2_planetc2026.png,Lawlor,2026,"ApJL 1000, L38",AAS/IOP,green-oa,2603.22085,2026ApJ..1000L..38L,arxiv-preprint-figure,,not-needed
wl-17,wl-17_alma2023,images/wl-17/wl-17_alma2023.png,Han,2023,"ApJ 956, 9",AAS/IOP,green-oa,2309.06076,2023ApJ...956....9H,arxiv-preprint-figure,,not-needed
wl-17,wl-17_alma100ghz2021,images/wl-17/wl-17_alma100ghz2021.png,Gulick,2021,ApJ,AAS/IOP,green-oa,2109.02652,2021ApJ...922..150G,arxiv-preprint-figure,,not-needed
wly-2-63,wly-2-63_odisea,images/wly-2-63/wly-2-63_odisea.png,Cieza,2021,"MNRAS 501, 2934",OUP,hybrid,2012.00189,2021MNRAS.501.2934C,arxiv-preprint-figure,,not-needed
wly-2-63,wly-2-63_alma-agepro,images/wly-2-63/wly-2-63_alma-agepro.png,Ruiz-Rodriguez,2025,"ApJ 989, 2",AAS/IOP,green-oa,2506.10731,2025ApJ...989....2R,arxiv-preprint-figure,,not-needed
wray-15-1384,wray-15-1384_destinys,images/wray-15-1384/wray-15-1384_destinys.png,Garufi,2026,"A&A, in press",EDP Sciences,hybrid,2603.01703,2026A&A...709A.269G,arxiv-preprint-figure,,not-needed
wray-15-788,wray-15-788_sphere2019_h,images/wray-15-788/wray-15-788_sphere2019_h.png,Bohn,2019,A&A,EDP Sciences,hybrid,1902.07723,2019A&A...624A..87B,arxiv-preprint-figure,,not-needed
wray-15-788,wray-15-788_sphere2019_ks,images/wray-15-788/wray-15-788_sphere2019_ks.png,Bohn,2019,A&A,EDP Sciences,hybrid,1902.07723,2019A&A...624A..87B,arxiv-preprint-figure,,not-needed
wsb-52,wsb-52_dsharp,images/wsb-52/wsb-52_dsharp.png,Andrews,2018,"ApJL 869, L41",AAS/IOP,green-oa,1812.04040,2018ApJ...869L..41A,arxiv-preprint-figure,,not-needed
wsb-82,wsb-82_odisea,images/wsb-82/wsb-82_odisea.png,Cieza,2021,"MNRAS 501, 2934",OUP,hybrid,2012.00189,2021MNRAS.501.2934C,arxiv-preprint-figure,,not-needed
ww-cha,ww-cha_sphere-chami,images/ww-cha/ww-cha_sphere-chami.png,Ginski,2024,"A&A 685, A52",EDP Sciences,hybrid,2403.02149,2024A&A...685A..52G,arxiv-preprint-figure,,not-needed
ww-cha,ww-cha_gravity2021,images/ww-cha/ww-cha_gravity2021.png,GRAVITY Collaboration,2021,"A&A 648, A37 (2021)",EDP Sciences,hybrid,2102.00122,2021A&A...648A..37G,arxiv-preprint-figure,,not-needed
ww-cha,ww-cha_alma2021,images/ww-cha/ww-cha_alma2021.png,Kanagawa,2021,"ApJ 909, 212",AAS/IOP,green-oa,2101.10550,2021ApJ...909..212K,arxiv-preprint-figure,,not-needed
xest-13-010,xest-13-010_nirc2-kointreau,images/xest-13-010/xest-13-010_nirc2-kointreau.png,Walker,2025,"AJ 171, 80",AAS/IOP,green-oa,2512.05191,2026AJ....171...80W,arxiv-preprint-figure,,not-needed
xest-17-036,xest-17-036_nirc2-kointreau,images/xest-17-036/xest-17-036_nirc2-kointreau.png,Walker,2025,"AJ 171, 80",AAS/IOP,green-oa,2512.05191,2026AJ....171...80W,arxiv-preprint-figure,,not-needed
xz-tau,xz-tau_sphere-taurus,images/xz-tau/xz-tau_sphere-taurus.png,Garufi,2024,"A&A 685, A53",EDP Sciences,hybrid,2403.02158,2024A&A...685A..53G,arxiv-preprint-figure,,not-needed
xz-tau,xz-tau_alma2016,images/xz-tau/xz-tau_alma2016.png,Osorio,2016,ApJL,AAS/IOP,green-oa,1606.03118,2016ApJ...825L..10O,arxiv-preprint-figure,,not-needed
xz-tau,xz-tau_zurlo2024,images/xz-tau/xz-tau_zurlo2024.png,Zurlo,2024,"A&A 686, A309",EDP Sciences,hybrid,2403.12124,2024A&A...686A.309Z,arxiv-preprint-figure,,not-needed
yses-1,yses-1_sphere2020,images/yses-1/yses-1_sphere2020.png,Bohn,2020,"ApJL 898, L16",AAS/IOP,green-oa,2007.10991,2020ApJ...898L..16B,arxiv-preprint-figure,,not-needed
yses-1,yses-1_jwst2025,images/yses-1/yses-1_jwst2025.png,Hoch,2025,Nature (2025),Springer Nature,restrictive,2507.18861,2025Natur.643..938H,arxiv-preprint-figure,Y,not-needed
yses-1,yses-1_sphere-naco2019-h,images/yses-1/yses-1_sphere-naco2019-h.png,Bohn,2019,"MNRAS 492, 431",OUP,hybrid,1912.04284,2020MNRAS.492..431B,arxiv-preprint-figure,,not-needed
yses-1,yses-1_sphere-naco2019-ks,images/yses-1/yses-1_sphere-naco2019-ks.png,Bohn,2019,"MNRAS 492, 431",OUP,hybrid,1912.04284,2020MNRAS.492..431B,arxiv-preprint-figure,,not-needed
yses-1,yses-1_sphere-naco2019-lp,images/yses-1/yses-1_sphere-naco2019-lp.png,Bohn,2019,"MNRAS 492, 431",OUP,hybrid,1912.04284,2020MNRAS.492..431B,arxiv-preprint-figure,,not-needed
yses-1,yses-1_sphere-naco2019-mp,images/yses-1/yses-1_sphere-naco2019-mp.png,Bohn,2019,"MNRAS 492, 431",OUP,hybrid,1912.04284,2020MNRAS.492..431B,arxiv-preprint-figure,,not-needed
yses-2,yses-2_sphere2021,images/yses-2/yses-2_sphere2021.png,Bohn,2021,"A&A 648, A73",EDP Sciences,hybrid,2104.08285,2021A&A...648A..73B,arxiv-preprint-figure,,not-needed
z-cma,z-cma_zurlo2024,images/z-cma/z-cma_zurlo2024.png,Zurlo,2024,"A&A 686, A309",EDP Sciences,hybrid,2403.12124,2024A&A...686A.309Z,arxiv-preprint-figure,,not-needed
z-cma,z-cma_nirc2-2024,images/z-cma/z-cma_nirc2-2024.png,Zurlo,2024,"A&A 686, A309",EDP Sciences,hybrid,2403.12124,2024A&A...686A.309Z,arxiv-preprint-figure,,not-needed
z-cma,z-cma_flyby2022,images/z-cma/z-cma_flyby2022.png,Dong,2022,"Nature Astronomy 6, 331",Springer Nature,restrictive,2201.05617,2022NatAs...6..331D,arxiv-preprint-figure,Y,not-needed
zz-tau-irs,zz-tau-irs_hst2024,images/zz-tau-irs/zz-tau-irs_hst2024.png,Hashimoto,2024,ApJ,AAS/IOP,green-oa,2401.02004,2024AJ....167...75H,arxiv-preprint-figure,,not-needed
